{"resourceType":"CodeSystem","id":"SeriesModalityCS","text":{"status":"generated","div":"<div xmlns=\"http://www.w3.org/1999/xhtml\"><p>This  code system <code>https://terminology.arkhn.com/SeriesModalityCS</code> defines the following code:</p><table class=\"codes\"><tr><td style=\"white-space:nowrap\"><b>Code</b></td><td><b>Display</b></td></tr><tr><td style=\"white-space:nowrap\">RTSTRUCT<a name=\"SeriesModalityCS-RTSTRUCT\"> </a></td><td>Radiotherapy Structure Set</td></tr></table></div>"},"url":"https://terminology.arkhn.com/SeriesModalityCS","version":"2.1.0","name":"SeriesModalityCS","title":"Series Modality Code System","status":"draft","date":"2024-03-21T14:32:00+00:00","publisher":"Arkhn","contact":[{"name":"Arkhn","telecom":[{"system":"url","value":"http://arkhn.com"},{"system":"email","value":"contact@arkhn.com"}]},{"name":"Nicolas Riss","telecom":[{"system":"email","value":"nicolas@arkhn.com"}]}],"description":"Series Modality  Code System","content":"complete","count":1,"concept":[{"code":"RTSTRUCT","display":"Radiotherapy Structure Set"}]}