{"resourceType":"CodeSystem","id":"SnomedRequestedCSmcode","text":{"status":"generated","div":"<div xmlns=\"http://www.w3.org/1999/xhtml\"><p>This  code system <code>http://hl7.org/fhir/us/mcode/CodeSystem/snomed-requested-cs</code> defines the following code:</p><table class=\"codes\"><tr><td style=\"white-space:nowrap\"><b>Code</b></td><td><b>Display</b></td></tr><tr><td style=\"white-space:nowrap\">1162782007<a name=\"SnomedRequestedCSmcode-1162782007\"> </a></td><td>Three dimensional external beam radiation therapy (procedure)</td></tr></table></div>"},"url":"http://hl7.org/fhir/us/mcode/CodeSystem/snomed-requested-cs","version":"2.1.0","name":"SnomedRequestedCSmcode","title":"Requested SNOMED Codes Code System","status":"draft","date":"2024-03-21T14:32:00+00:00","publisher":"Arkhn","contact":[{"name":"Arkhn","telecom":[{"system":"url","value":"http://arkhn.com"},{"system":"email","value":"contact@arkhn.com"}]},{"name":"Nicolas Riss","telecom":[{"system":"email","value":"nicolas@arkhn.com"}]}],"description":"Requested SNOMED Codes by mcode","content":"complete","count":1,"concept":[{"code":"1162782007","display":"Three dimensional external beam radiation therapy (procedure)"}]}