{"resourceType":"ValueSet","id":"OsirisValidationType","text":{"status":"generated","div":"<div xmlns=\"http://www.w3.org/1999/xhtml\"><ul><li>Include these codes as defined in <code>https://github.com/siric-osiris/OSIRIS</code><table class=\"none\"><tr><td style=\"white-space:nowrap\"><b>Code</b></td><td><b>Display</b></td></tr><tr><td>O16-1</td><td>Experimental</td></tr><tr><td>O16-2</td><td>By biologist</td></tr><tr><td>O16-3</td><td>In silico</td></tr></table></li></ul></div>"},"url":"https://build.fhir.org/ig/arkhn/arkhn-ig-osiris/ValueSet/OsirisValidationType","version":"2.1.0","name":"OsirisValidationType","title":"Osiris Validation Type","status":"draft","date":"2024-03-21T14:34:32+00:00","publisher":"Arkhn","contact":[{"name":"Arkhn","telecom":[{"system":"url","value":"http://arkhn.com"},{"system":"email","value":"contact@arkhn.com"}]},{"name":"Nicolas Riss","telecom":[{"system":"email","value":"nicolas@arkhn.com"}]}],"description":"Osiris validation type","compose":{"include":[{"system":"https://github.com/siric-osiris/OSIRIS","concept":[{"code":"O16-1","display":"Experimental"},{"code":"O16-2","display":"By biologist"},{"code":"O16-3","display":"In silico"}]}]}}