{"resourceType":"ValueSet","id":"ResponseEvaluationStatus","text":{"status":"generated","div":"<div xmlns=\"http://www.w3.org/1999/xhtml\"><p>This value set includes codes based on the following rules:</p><ul><li>Include these codes as defined in <code>https://recist.eortc.org</code><table class=\"none\"><tr><td style=\"white-space:nowrap\"><b>Code</b></td><td><b>Display</b></td></tr><tr><td>CR</td><td>Complete Response</td></tr><tr><td>PR</td><td>Partial Response</td></tr><tr><td>SD</td><td>Stable disease</td></tr><tr><td>PD</td><td>Progressive Disease</td></tr><tr><td>NE</td><td>Not evaluable</td></tr></table></li><li>Include these codes as defined in <a href=\"http://terminology.hl7.org/5.3.0/CodeSystem-umls.html\"><code>http://terminology.hl7.org/CodeSystem/umls</code></a><table class=\"none\"><tr><td style=\"white-space:nowrap\"><b>Code</b></td><td><b>Display</b></td></tr><tr><td>C0439673</td><td>Unknown</td></tr></table></li></ul></div>"},"url":"https://build.fhir.org/ig/arkhn/arkhn-ig-osiris/ValueSet/ResponseEvaluationStatus","version":"2.1.0","name":"ResponseEvaluationStatus","title":"Response Status Value Set","status":"draft","date":"2024-03-21T14:32:00+00:00","publisher":"Arkhn","contact":[{"name":"Arkhn","telecom":[{"system":"url","value":"http://arkhn.com"},{"system":"email","value":"contact@arkhn.com"}]},{"name":"Nicolas Riss","telecom":[{"system":"email","value":"nicolas@arkhn.com"}]}],"description":"Response evaluation status","compose":{"include":[{"system":"https://recist.eortc.org","concept":[{"code":"CR","display":"Complete Response"},{"code":"PR","display":"Partial Response"},{"code":"SD","display":"Stable disease"},{"code":"PD","display":"Progressive Disease"},{"code":"NE","display":"Not evaluable"}]},{"system":"http://terminology.hl7.org/CodeSystem/umls","concept":[{"code":"C0439673","display":"Unknown"}]}]}}