{"resourceType":"ValueSet","id":"VitalStatus","text":{"status":"generated","div":"<div xmlns=\"http://www.w3.org/1999/xhtml\"><ul><li>Include these codes as defined in <a href=\"http://terminology.hl7.org/5.3.0/CodeSystem-umls.html\"><code>http://terminology.hl7.org/CodeSystem/umls</code></a><table class=\"none\"><tr><td style=\"white-space:nowrap\"><b>Code</b></td><td><b>Display</b></td></tr><tr><td>C2584946</td><td>Alive (finding)</td></tr><tr><td>C1546956</td><td>Patient Outcome - Died</td></tr><tr><td>C0439673</td><td>Unknown</td></tr></table></li></ul></div>"},"url":"https://build.fhir.org/ig/arkhn/arkhn-ig-osiris/ValueSet/VitalStatus","version":"2.1.0","name":"VitalStatus","title":"Vital Status Value Set","status":"draft","date":"2024-03-21T14:34:32+00:00","publisher":"Arkhn","contact":[{"name":"Arkhn","telecom":[{"system":"url","value":"http://arkhn.com"},{"system":"email","value":"contact@arkhn.com"}]},{"name":"Nicolas Riss","telecom":[{"system":"email","value":"nicolas@arkhn.com"}]}],"description":"Vital status","compose":{"include":[{"system":"http://terminology.hl7.org/CodeSystem/umls","concept":[{"code":"C2584946","display":"Alive (finding)"},{"code":"C1546956","display":"Patient Outcome - Died"},{"code":"C0439673","display":"Unknown"}]}]}}