{"resourceType":"ValueSet","id":"VSModality","text":{"status":"generated","div":"<div xmlns=\"http://www.w3.org/1999/xhtml\"><p>This value set includes codes based on the following rules:</p><ul><li>Include these codes as defined in <code>https://dicom.nema.org/medical/dicom</code><table class=\"none\"><tr><td style=\"white-space:nowrap\"><b>Code</b></td><td><b>Display</b></td></tr><tr><td>MR</td><td>Magnetic Resonance Imaging</td></tr><tr><td>CT</td><td>Computed Tomography Scanner</td></tr><tr><td>PT</td><td>Positron emission Tomography</td></tr><tr><td>DX</td><td>Digital X Ray</td></tr><tr><td>NM</td><td>Nuclear Medicine image</td></tr></table></li><li>Include these codes as defined in <a href=\"CodeSystem-SeriesModalityCS.html\"><code>https://terminology.arkhn.com/SeriesModalityCS</code></a><table class=\"none\"><tr><td style=\"white-space:nowrap\"><b>Code</b></td><td><b>Display</b></td></tr><tr><td><a href=\"CodeSystem-SeriesModalityCS.html#SeriesModalityCS-RTSTRUCT\">RTSTRUCT</a></td><td>Radiotherapy Structure Set</td></tr></table></li><li>Include these codes as defined in <a href=\"http://terminology.hl7.org/5.3.0/CodeSystem-umls.html\"><code>http://terminology.hl7.org/CodeSystem/umls</code></a><table class=\"none\"><tr><td style=\"white-space:nowrap\"><b>Code</b></td><td><b>Display</b></td></tr><tr><td>C0439673</td><td>Unknown</td></tr></table></li></ul></div>"},"url":"https://build.fhir.org/ig/arkhn/arkhn-ig-osiris/ValueSet/VSModality","version":"2.1.0","name":"VSModality","title":" Modality Value Set","status":"draft","date":"2024-03-21T14:34:32+00:00","publisher":"Arkhn","contact":[{"name":"Arkhn","telecom":[{"system":"url","value":"http://arkhn.com"},{"system":"email","value":"contact@arkhn.com"}]},{"name":"Nicolas Riss","telecom":[{"system":"email","value":"nicolas@arkhn.com"}]}],"description":"Modality","compose":{"include":[{"system":"https://dicom.nema.org/medical/dicom","concept":[{"code":"MR","display":"Magnetic Resonance Imaging"},{"code":"CT","display":"Computed Tomography Scanner"},{"code":"PT","display":"Positron emission Tomography"},{"code":"DX","display":"Digital X Ray"},{"code":"NM","display":"Nuclear Medicine image"}]},{"system":"https://terminology.arkhn.com/SeriesModalityCS","concept":[{"code":"RTSTRUCT","display":"Radiotherapy Structure Set"}]},{"system":"http://terminology.hl7.org/CodeSystem/umls","concept":[{"code":"C0439673","display":"Unknown"}]}]}}