{"resourceType":"ValueSet","id":"AnalysisType","text":{"status":"generated","div":"<div xmlns=\"http://www.w3.org/1999/xhtml\"><p>This value set includes codes based on the following rules:</p><ul><li>Include these codes as defined in <code>https://github.com/siric-osiris/OSIRIS</code><table class=\"none\"><tr><td style=\"white-space:nowrap\"><b>Code</b></td><td><b>Display</b></td></tr><tr><td>C37-1</td><td>Biology</td></tr><tr><td>C37-2</td><td>Imaging</td></tr><tr><td>C37-3</td><td>Omic</td></tr><tr><td>C37-4</td><td>Pathology</td></tr></table></li><li>Include these codes as defined in <a href=\"http://terminology.hl7.org/5.3.0/CodeSystem-umls.html\"><code>http://terminology.hl7.org/CodeSystem/umls</code></a><table class=\"none\"><tr><td style=\"white-space:nowrap\"><b>Code</b></td><td><b>Display</b></td></tr><tr><td>C0439673</td><td>Unknown</td></tr></table></li></ul></div>"},"url":"https://build.fhir.org/ig/arkhn/arkhn-ig-osiris/ValueSet/AnalysisType","version":"2.1.0","name":"AnalysisType","title":"Analysis Types Value Set","status":"draft","date":"2024-03-21T14:34:32+00:00","publisher":"Arkhn","contact":[{"name":"Arkhn","telecom":[{"system":"url","value":"http://arkhn.com"},{"system":"email","value":"contact@arkhn.com"}]},{"name":"Nicolas Riss","telecom":[{"system":"email","value":"nicolas@arkhn.com"}]}],"description":"Analysis types","compose":{"include":[{"system":"https://github.com/siric-osiris/OSIRIS","concept":[{"code":"C37-1","display":"Biology"},{"code":"C37-2","display":"Imaging"},{"code":"C37-3","display":"Omic"},{"code":"C37-4","display":"Pathology"}]},{"system":"http://terminology.hl7.org/CodeSystem/umls","concept":[{"code":"C0439673","display":"Unknown"}]}]}}