{"resourceType":"ValueSet","id":"vs-radiotherapy-category","text":{"status":"generated","div":"<div xmlns=\"http://www.w3.org/1999/xhtml\"><ul><li>Include these codes as defined in <a href=\"CodeSystem-RadiotherapyCS.html\"><code>https://build.fhir.org/ig/arkhn/arkhn-ig-osiris/CodeSystem/RadiotherapyCS</code></a><table class=\"none\"><tr><td style=\"white-space:nowrap\"><b>Code</b></td><td><b>Display</b></td></tr><tr><td><a href=\"CodeSystem-RadiotherapyCS.html#RadiotherapyCS-Planned\">Planned</a></td><td style=\"color: #cccccc\">Planified</td></tr><tr><td><a href=\"CodeSystem-RadiotherapyCS.html#RadiotherapyCS-Delivered\">Delivered</a></td><td style=\"color: #cccccc\">Delivered</td></tr></table></li></ul></div>"},"url":"https://build.fhir.org/ig/arkhn/arkhn-ig-osiris/ValueSet/vs-radiotherapy-category","version":"2.1.0","name":"VSRadiotherapyCategory","title":"Radiotherapy Category","status":"draft","date":"2024-03-21T14:34:32+00:00","publisher":"Arkhn","contact":[{"name":"Arkhn","telecom":[{"system":"url","value":"http://arkhn.com"},{"system":"email","value":"contact@arkhn.com"}]},{"name":"Nicolas Riss","telecom":[{"system":"email","value":"nicolas@arkhn.com"}]}],"description":"Radiotherapy Category","compose":{"include":[{"system":"https://build.fhir.org/ig/arkhn/arkhn-ig-osiris/CodeSystem/RadiotherapyCS","concept":[{"code":"Planned"},{"code":"Delivered"}]}]}}