{"resourceType":"ValueSet","id":"AlterationType","text":{"status":"generated","div":"<div xmlns=\"http://www.w3.org/1999/xhtml\"><p>This value set includes codes based on the following rules:</p><ul><li>Include these codes as defined in <code>https://github.com/siric-osiris/OSIRIS</code><table class=\"none\"><tr><td style=\"white-space:nowrap\"><b>Code</b></td><td><b>Display</b></td></tr><tr><td>O15-1</td><td>Gene expression</td></tr><tr><td>O15-2</td><td>Protein expression</td></tr><tr><td>O15-3</td><td>Fusion</td></tr><tr><td>O15-4</td><td>Copy number variation</td></tr><tr><td>O15-5</td><td>Genetic variant</td></tr><tr><td>O15-6</td><td>Structural alteration</td></tr><tr><td>O15-7</td><td>Transcription factor</td></tr><tr><td>O15-8</td><td>Histone marks</td></tr><tr><td>O15-9</td><td>Transcript isoform</td></tr><tr><td>O15-10</td><td>Viral insertion site</td></tr></table></li><li>Include these codes as defined in <a href=\"http://terminology.hl7.org/5.3.0/CodeSystem-umls.html\"><code>http://terminology.hl7.org/CodeSystem/umls</code></a><table class=\"none\"><tr><td style=\"white-space:nowrap\"><b>Code</b></td><td><b>Display</b></td></tr><tr><td>C0439673</td><td>Unknown</td></tr></table></li></ul></div>"},"url":"https://build.fhir.org/ig/arkhn/arkhn-ig-osiris/ValueSet/AlterationType","version":"2.1.0","name":"AlterationType","title":"Alteration Type Value Set","status":"draft","date":"2024-03-21T14:32:00+00:00","publisher":"Arkhn","contact":[{"name":"Arkhn","telecom":[{"system":"url","value":"http://arkhn.com"},{"system":"email","value":"contact@arkhn.com"}]},{"name":"Nicolas Riss","telecom":[{"system":"email","value":"nicolas@arkhn.com"}]}],"description":"Alteration type","compose":{"include":[{"system":"https://github.com/siric-osiris/OSIRIS","concept":[{"code":"O15-1","display":"Gene expression"},{"code":"O15-2","display":"Protein expression"},{"code":"O15-3","display":"Fusion"},{"code":"O15-4","display":"Copy number variation"},{"code":"O15-5","display":"Genetic variant"},{"code":"O15-6","display":"Structural alteration"},{"code":"O15-7","display":"Transcription factor"},{"code":"O15-8","display":"Histone marks"},{"code":"O15-9","display":"Transcript isoform"},{"code":"O15-10","display":"Viral insertion site"}]},{"system":"http://terminology.hl7.org/CodeSystem/umls","concept":[{"code":"C0439673","display":"Unknown"}]}]}}