<?xml version="1.0" encoding="UTF-8"?>

<Condition xmlns="http://hl7.org/fhir">
  <id value="fhir-osiris-example-TumorPathologyEvent-instance-1"/>
  <meta>
    <profile value="https://build.fhir.org/ig/arkhn/arkhn-ig-osiris/StructureDefinition/tumor-pathology-event"/>
  </meta>
  <text>
    <status value="extensions"/><div xmlns="http://www.w3.org/1999/xhtml"><p><b>Generated Narrative: Condition</b><a name="fhir-osiris-example-TumorPathologyEvent-instance-1"> </a><a name="hcfhir-osiris-example-TumorPathologyEvent-instance-1"> </a></p><div style="display: inline-block; background-color: #d9e0e7; padding: 6px; margin: 4px; border: 1px solid #8da1b4; border-radius: 5px; line-height: 60%"><p style="margin-bottom: 0px">Resource Condition &quot;fhir-osiris-example-TumorPathologyEvent-instance-1&quot; </p><p style="margin-bottom: 0px">Profile: <a href="StructureDefinition-tumor-pathology-event.html">Tumor Pathology Event</a></p></div><p><b>Laterality</b>: C0238767 <span style="background: LightGoldenRodYellow; margin: 4px; border: 1px solid khaki"> (<a href="http://terminology.hl7.org/5.3.0/CodeSystem-umls.html">Unified Medical Language System</a>#C0238767)</span></p><p><b>code</b>: C0677930 <span style="background: LightGoldenRodYellow; margin: 4px; border: 1px solid khaki"> (<a href="http://terminology.hl7.org/5.3.0/CodeSystem-umls.html">Unified Medical Language System</a>#C0677930)</span></p><p><b>bodySite</b>: C00.8 <span style="background: LightGoldenRodYellow; margin: 4px; border: 1px solid khaki"> ([not stated]#C00.8)</span></p><p><b>subject</b>: <a href="Patient-L304.html">Patient/L304</a></p><p><b>onset</b>: 2005-11-17</p><p><b>recordedDate</b>: 2005-11-17</p><h3>Stages</h3><table class="grid"><tr><td style="display: none">-</td><td><b>Summary</b></td><td><b>Type</b></td></tr><tr><td style="display: none">*</td><td>8002/3 <span style="background: LightGoldenRodYellow; margin: 4px; border: 1px solid khaki"> (<a href="http://terminology.hl7.org/5.3.0/CodeSystem-icd-o-3.html">International Classification of Diseases for Oncology, version 3.</a>#8002/3)</span></td><td>116676008 <span style="background: LightGoldenRodYellow; margin: 4px; border: 1px solid khaki"> (<a href="http://terminology.hl7.org/5.3.0/CodeSystem-umls.html">Unified Medical Language System</a>#116676008)</span></td></tr></table></div>
  </text>
  <extension url="https://build.fhir.org/ig/arkhn/arkhn-ig-osiris/StructureDefinition/laterality">
    <valueCodeableConcept>
      <coding>
        <system value="http://terminology.hl7.org/CodeSystem/umls"/>
        <code value="C0238767"/>
      </coding>
    </valueCodeableConcept>
  </extension>
  <code>
    <coding>
      <system value="http://terminology.hl7.org/CodeSystem/umls"/>
      <code value="C0677930"/>
    </coding>
  </code>
  <bodySite>
    <coding>
      <code value="C00.8"/>
    </coding>
  </bodySite>
  <subject>
    <reference value="Patient/L304"/>
  </subject>
  <onsetDateTime value="2005-11-17"/>
  <recordedDate value="2005-11-17"/>
  <stage>
    <summary>
      <coding>
        <system value="http://terminology.hl7.org/CodeSystem/icd-o-3"/>
        <code value="8002/3"/>
      </coding>
    </summary>
    <type>
      <coding>
        <system value="http://terminology.hl7.org/CodeSystem/umls"/>
        <code value="116676008"/>
      </coding>
    </type>
  </stage>
</Condition>