<?xml version="1.0" encoding="UTF-8"?>

<ImagingStudy xmlns="http://hl7.org/fhir">
  <id value="fhir-osiris-example-imagingstudy-pt-nm"/>
  <meta>
    <profile value="https://build.fhir.org/ig/arkhn/arkhn-ig-osiris/StructureDefinition/onco-imagingstudy"/>
  </meta>
  <text>
    <status value="extensions"/><div xmlns="http://www.w3.org/1999/xhtml"><p><b>Generated Narrative: ImagingStudy</b><a name="fhir-osiris-example-imagingstudy-pt-nm"> </a><a name="hcfhir-osiris-example-imagingstudy-pt-nm"> </a></p><div style="display: inline-block; background-color: #d9e0e7; padding: 6px; margin: 4px; border: 1px solid #8da1b4; border-radius: 5px; line-height: 60%"><p style="margin-bottom: 0px">Resource ImagingStudy &quot;fhir-osiris-example-imagingstudy-pt-nm&quot; </p><p style="margin-bottom: 0px">Profile: <a href="StructureDefinition-onco-imagingstudy.html">Imaging Study</a></p></div><p><b>identifier</b>: 1.3.6.1.4.1.14519.5.2.1.5168.1900.291490762800233473213844289511</p><p><b>status</b>: available</p><p><b>modality</b>: C0439673 (Details: http://terminology.hl7.org/CodeSystem/umls code C0439673 = 'C0439673', stated as 'null')</p><p><b>subject</b>: <a href="Patient-STS-028.html">Patient/STS-028</a></p><p><b>started</b>: 2004-01-27</p><p><b>endpoint</b>: <a href="Endpoint-fhir-osiris-example-imagingendpoint-pt-nm.html">Endpoint/fhir-osiris-example-imagingendpoint-pt-nm</a> &quot;['Soft-tissue-Sarcoma/STS_028/01-27-2004-NA-PET CT with registered MR-89511/4.000000-LEGS2DAC-91862/1-036.dcm']&quot;</p><p><b>numberOfSeries</b>: 999999</p><p><b>reasonReference</b>: <a href="Observation-fhir-osiris-example-analysis-pt-nm.html">Observation/fhir-osiris-example-analysis-pt-nm</a></p><p><b>description</b>: CT PET with registered MR	</p><blockquote><p><b>series</b></p><blockquote><p><b>Imaging Settings</b></p><blockquote><p><b>url</b></p><code>slice_thickness</code></blockquote><p><b>value</b>: 3.2700</p><blockquote><p><b>url</b></p><code>pixel_spacing</code></blockquote><p><b>value</b>: [5.46875, 5.46875]</p><blockquote><p><b>url</b></p><code>rows</code></blockquote><p><b>value</b>: 128</p><blockquote><p><b>url</b></p><code>columns</code></blockquote><p><b>value</b>: 128</p><blockquote><p><b>url</b></p><code>imaging_injection</code></blockquote><p><b>value</b>: <a href="MedicationAdministration-fhir-osiris-example-injection-pt-nm.html">MedicationAdministration/fhir-osiris-example-injection-pt-nm</a></p><blockquote><p><b>url</b></p><code>pt_nm_image</code></blockquote></blockquote><blockquote><p><b>Weight and Height at the time of the Serie</b></p><blockquote><p><b>url</b></p><code>patient_weight</code></blockquote><p><b>value</b>: 58</p><blockquote><p><b>url</b></p><code>patient_height</code></blockquote><p><b>value</b>: 1.57</p></blockquote><p><b>uid</b>: 1.3.6.1.4.1.14519.5.2.1.5168.1900.250501927430896548137411991862</p><p><b>number</b>: 4</p><p><b>modality</b>: PT (Details: https://dicom.nema.org/medical/dicom code PT = 'PT', stated as 'null')</p><p><b>description</b>: LEGS_2D_AC PET CT with registered MR</p><p><b>numberOfInstances</b>: 999999</p><p><b>bodySite</b>: Extremity (Details: SNOMED CT code 66019005 = 'Extremity', stated as 'null')</p><p><b>started</b>: 2004-01-27</p><h3>Performers</h3><table class="grid"><tr><td style="display: none">-</td><td><b>Actor</b></td></tr><tr><td style="display: none">*</td><td><a href="Device-fhir-osiris-example-imagingdevice-pt-nm.html">Device/fhir-osiris-example-imagingdevice-pt-nm</a></td></tr></table><h3>Instances</h3><table class="grid"><tr><td style="display: none">-</td><td><b>Uid</b></td><td><b>SopClass</b></td></tr><tr><td style="display: none">*</td><td>1.3.6.1.4.1.14519.5.2.1.5168.1900.309323295882753345616672095692</td><td>Positron Emission Tomography Image Storage (Details: [not stated] code table_B.5-1#1.2.840.10008.5.1.4.1.1.128 = 'table_B.5-1#1.2.840.10008.5.1.4.1.1.128', stated as 'Positron Emission Tomography Image Storage')</td></tr></table></blockquote></div>
  </text>
  <identifier>
    <value value="1.3.6.1.4.1.14519.5.2.1.5168.1900.291490762800233473213844289511"/>
  </identifier>
  <status value="available"/>
  <modality>
    <system value="http://terminology.hl7.org/CodeSystem/umls"/>
    <code value="C0439673"/>
  </modality>
  <subject>
    <reference value="Patient/STS-028"/>
  </subject>
  <started value="2004-01-27"/>
  <endpoint>
    <reference value="Endpoint/fhir-osiris-example-imagingendpoint-pt-nm"/>
  </endpoint>
  <numberOfSeries value="999999"/>
  <reasonReference>
    <reference value="Observation/fhir-osiris-example-analysis-pt-nm"/>
  </reasonReference>
  <description value="CT PET with registered MR&#x9;"/>
  <series>
    <extension url="https://build.fhir.org/ig/arkhn/arkhn-ig-osiris/StructureDefinition/imaging-settings">
      <extension url="slice_thickness">
        <valueString value="3.2700"/>
      </extension>
      <extension url="pixel_spacing">
        <valueString value="[5.46875, 5.46875]"/>
      </extension>
      <extension url="rows">
        <valueInteger value="128"/>
      </extension>
      <extension url="columns">
        <valueInteger value="128"/>
      </extension>
      <extension url="imaging_injection">
        <valueReference>
          <reference value="MedicationAdministration/fhir-osiris-example-injection-pt-nm"/>
        </valueReference>
      </extension>
      <extension url="pt_nm_image">
        <extension url="attenuation_correction_method">
          <valueString value="measured,, 0.096000 cm-1"/>
        </extension>
        <extension url="reconstruction_method">
          <valueString value="OSEM"/>
        </extension>
        <extension url="scatter_correction_method">
          <valueString value="Convolution subtraction"/>
        </extension>
      </extension>
    </extension>
    <extension url="https://build.fhir.org/ig/arkhn/arkhn-ig-osiris/StructureDefinition/series-weightheigt">
      <extension url="patient_weight">
        <valueDecimal value="58"/>
      </extension>
      <extension url="patient_height">
        <valueDecimal value="1.57"/>
      </extension>
    </extension>
    <uid value="1.3.6.1.4.1.14519.5.2.1.5168.1900.250501927430896548137411991862"/>
    <number value="4"/>
    <modality>
      <system value="https://dicom.nema.org/medical/dicom"/>
      <code value="PT"/>
    </modality>
    <description value="LEGS_2D_AC PET CT with registered MR"/>
    <numberOfInstances value="999999"/>
    <bodySite>
      <system value="http://snomed.info/sct"/>
      <code value="66019005"/>
    </bodySite>
    <started value="2004-01-27"/>
    <performer>
      <actor>
        <reference value="Device/fhir-osiris-example-imagingdevice-pt-nm"/>
      </actor>
    </performer>
    <instance>
      <uid value="1.3.6.1.4.1.14519.5.2.1.5168.1900.309323295882753345616672095692"/>
      <sopClass>
        <code value="table_B.5-1#1.2.840.10008.5.1.4.1.1.128"/>
        <display value="Positron Emission Tomography Image Storage"/>
      </sopClass>
    </instance>
  </series>
</ImagingStudy>