<?xml version="1.0" encoding="UTF-8"?>

<Observation xmlns="http://hl7.org/fhir">
  <id value="fhir-osiris-example-snp-1"/>
  <meta>
    <profile value="https://build.fhir.org/ig/arkhn/arkhn-ig-osiris/StructureDefinition/snp"/>
  </meta>
  <text>
    <status value="extensions"/><div xmlns="http://www.w3.org/1999/xhtml"><p><b>Generated Narrative: Observation</b><a name="fhir-osiris-example-snp-1"> </a><a name="hcfhir-osiris-example-snp-1"> </a></p><div style="display: inline-block; background-color: #d9e0e7; padding: 6px; margin: 4px; border: 1px solid #8da1b4; border-radius: 5px; line-height: 60%"><p style="margin-bottom: 0px">Resource Observation &quot;fhir-osiris-example-snp-1&quot; </p><p style="margin-bottom: 0px">Profile: <a href="StructureDefinition-snp.html">Single Nucleotide Polymorphism</a></p></div><p><b>Strand bias</b>: false</p><p><b>status</b>: final</p><p><b>category</b>: Laboratory <span style="background: LightGoldenRodYellow; margin: 4px; border: 1px solid khaki"> (<a href="http://terminology.hl7.org/5.3.0/CodeSystem-observation-category.html">Observation Category Codes</a>#laboratory)</span></p><p><b>code</b>: Genetic var assess <span style="background: LightGoldenRodYellow; margin: 4px; border: 1px solid khaki"> (<a href="https://loinc.org/">LOINC</a>#69548-6)</span></p><p><b>subject</b>: <a href="Patient-L304.html">Patient/L304</a></p><p><b>value</b>: Present <span style="background: LightGoldenRodYellow; margin: 4px; border: 1px solid khaki"> (<a href="https://loinc.org/">LOINC</a>#LA9633-4)</span></p><p><b>derivedFrom</b>: <a href="Observation-fhir-osiris-example-sequencinganalysis-1.html">Observation/fhir-osiris-example-sequencinganalysis-1</a></p><blockquote><p><b>component</b></p><p><b>code</b>: Human ref seq assembly+build <span style="background: LightGoldenRodYellow; margin: 4px; border: 1px solid khaki"> (<a href="https://loinc.org/">LOINC</a>#62374-4)</span></p><p><b>value</b>: hg19 <span style="background: LightGoldenRodYellow; margin: 4px; border: 1px solid khaki"> ([not stated]#hg19)</span></p></blockquote><blockquote><p><b>component</b></p><p><b>code</b>: DNA Change Type <span style="background: LightGoldenRodYellow; margin: 4px; border: 1px solid khaki"> (<a href="https://loinc.org/">LOINC</a>#48019-4)</span></p><p><b>value</b>: Substitution <span style="background: LightGoldenRodYellow; margin: 4px; border: 1px solid khaki"> (<a href="https://loinc.org/">LOINC</a>#LA6690-7)</span></p></blockquote><blockquote><p><b>component</b></p><p><b>code</b>: Genomic source class <span style="background: LightGoldenRodYellow; margin: 4px; border: 1px solid khaki"> (<a href="https://loinc.org/">LOINC</a>#48002-0)</span></p><p><b>value</b>: Somatic <span style="background: LightGoldenRodYellow; margin: 4px; border: 1px solid khaki"> (<a href="https://loinc.org/">LOINC</a>#LA6684-0)</span></p></blockquote><blockquote><p><b>component</b></p><p><b>code</b>: Allelic read depth <span style="background: LightGoldenRodYellow; margin: 4px; border: 1px solid khaki"> (<a href="https://loinc.org/">LOINC</a>#82121-5)</span></p><p><b>value</b>: 31</p></blockquote><blockquote><p><b>component</b></p><p><b>code</b>: Ref nucleotide <span style="background: LightGoldenRodYellow; margin: 4px; border: 1px solid khaki"> (<a href="https://loinc.org/">LOINC</a>#69547-8)</span></p><p><b>value</b>: T</p></blockquote><blockquote><p><b>component</b></p><p><b>code</b>: Alt allele <span style="background: LightGoldenRodYellow; margin: 4px; border: 1px solid khaki"> (<a href="https://loinc.org/">LOINC</a>#69551-0)</span></p><p><b>value</b>: A</p></blockquote><blockquote><p><b>component</b></p><p><b>code</b>: Chromosome Bld/T <span style="background: LightGoldenRodYellow; margin: 4px; border: 1px solid khaki"> (<a href="https://loinc.org/">LOINC</a>#48000-4)</span></p><p><b>value</b>: Chromosome 3 <span style="background: LightGoldenRodYellow; margin: 4px; border: 1px solid khaki"> (<a href="https://loinc.org/">LOINC</a>#LA21256-5)</span></p></blockquote><blockquote><p><b>component</b></p><p><b>code</b>: Genetic variant details <span style="background: LightGoldenRodYellow; margin: 4px; border: 1px solid khaki"> (<a href="https://loinc.org/">LOINC</a>#LP232001-0)</span></p><p><b>value</b>: 6</p></blockquote><blockquote><p><b>component</b></p><p><b>code</b>: Gen allele loc ID <span style="background: LightGoldenRodYellow; margin: 4px; border: 1px solid khaki"> (<a href="https://loinc.org/">LOINC</a>#81254-5)</span></p><p><b>value</b>: 178916948-178916948</p></blockquote><blockquote><p><b>component</b></p><p><b>code</b>: Allelic state <span style="background: LightGoldenRodYellow; margin: 4px; border: 1px solid khaki"> (<a href="https://loinc.org/">LOINC</a>#53034-5)</span></p><p><b>value</b>: Heterozygous <span style="background: LightGoldenRodYellow; margin: 4px; border: 1px solid khaki"> (<a href="https://loinc.org/">LOINC</a>#LA6706-1)</span></p></blockquote></div>
  </text>
  <extension url="https://build.fhir.org/ig/arkhn/arkhn-ig-osiris/StructureDefinition/strand-bias">
    <valueBoolean value="false"/>
  </extension>
  <status value="final"/>
  <category>
    <coding>
      <system value="http://terminology.hl7.org/CodeSystem/observation-category"/>
      <code value="laboratory"/>
    </coding>
  </category>
  <code>
    <coding>
      <system value="http://loinc.org"/>
      <code value="69548-6"/>
    </coding>
  </code>
  <subject>
    <reference value="Patient/L304"/>
  </subject>
  <valueCodeableConcept>
    <coding>
      <system value="http://loinc.org"/>
      <code value="LA9633-4"/>
    </coding>
  </valueCodeableConcept>
  <derivedFrom>
    <reference value="Observation/fhir-osiris-example-sequencinganalysis-1"/>
  </derivedFrom>
  <component>
    <code>
      <coding>
        <system value="http://loinc.org"/>
        <code value="62374-4"/>
      </coding>
    </code>
    <valueCodeableConcept>
      <coding>
        <code value="hg19"/>
      </coding>
    </valueCodeableConcept>
  </component>
  <component>
    <code>
      <coding>
        <system value="http://loinc.org"/>
        <code value="48019-4"/>
      </coding>
    </code>
    <valueCodeableConcept>
      <coding>
        <system value="http://loinc.org"/>
        <code value="LA6690-7"/>
      </coding>
    </valueCodeableConcept>
  </component>
  <component>
    <code>
      <coding>
        <system value="http://loinc.org"/>
        <code value="48002-0"/>
      </coding>
    </code>
    <valueCodeableConcept>
      <coding>
        <system value="http://loinc.org"/>
        <code value="LA6684-0"/>
      </coding>
    </valueCodeableConcept>
  </component>
  <component>
    <code>
      <coding>
        <system value="http://loinc.org"/>
        <code value="82121-5"/>
      </coding>
    </code>
    <valueQuantity>
      <value value="31"/>
    </valueQuantity>
  </component>
  <component>
    <code>
      <coding>
        <system value="http://loinc.org"/>
        <code value="69547-8"/>
      </coding>
    </code>
    <valueString value="T"/>
  </component>
  <component>
    <code>
      <coding>
        <system value="http://loinc.org"/>
        <code value="69551-0"/>
      </coding>
    </code>
    <valueString value="A"/>
  </component>
  <component>
    <code>
      <coding>
        <system value="http://loinc.org"/>
        <code value="48000-4"/>
      </coding>
    </code>
    <valueCodeableConcept>
      <coding>
        <system value="http://loinc.org"/>
        <code value="LA21256-5"/>
      </coding>
    </valueCodeableConcept>
  </component>
  <component>
    <code>
      <coding>
        <system value="http://loinc.org"/>
        <code value="LP232001-0"/>
      </coding>
    </code>
    <valueQuantity>
      <value value="6"/>
    </valueQuantity>
  </component>
  <component>
    <code>
      <coding>
        <system value="http://loinc.org"/>
        <code value="81254-5"/>
      </coding>
    </code>
    <valueRange>
      <low>
        <value value="178916948"/>
      </low>
      <high>
        <value value="178916948"/>
      </high>
    </valueRange>
  </component>
  <component>
    <code>
      <coding>
        <system value="http://loinc.org"/>
        <code value="53034-5"/>
      </coding>
    </code>
    <valueCodeableConcept>
      <coding>
        <system value="http://loinc.org"/>
        <code value="LA6706-1"/>
      </coding>
    </valueCodeableConcept>
  </component>
</Observation>