<?xml version="1.0" encoding="UTF-8"?>

<Observation xmlns="http://hl7.org/fhir">
  <id value="fhir-osiris-example-analysis-pt-nm"/>
  <meta>
    <profile value="https://build.fhir.org/ig/arkhn/arkhn-ig-osiris/StructureDefinition/analysis"/>
  </meta>
  <text>
    <status value="generated"/><div xmlns="http://www.w3.org/1999/xhtml"><p><b>Generated Narrative: Observation</b><a name="fhir-osiris-example-analysis-pt-nm"> </a><a name="hcfhir-osiris-example-analysis-pt-nm"> </a></p><div style="display: inline-block; background-color: #d9e0e7; padding: 6px; margin: 4px; border: 1px solid #8da1b4; border-radius: 5px; line-height: 60%"><p style="margin-bottom: 0px">Resource Observation &quot;fhir-osiris-example-analysis-pt-nm&quot; </p><p style="margin-bottom: 0px">Profile: <a href="StructureDefinition-analysis.html">Analysis</a></p></div><p><b>status</b>: final</p><p><b>code</b>: Imaging <span style="background: LightGoldenRodYellow; margin: 4px; border: 1px solid khaki"> (<a href="CodeSystem-OsirisCS.html">Osiris code system</a>#C37-2)</span></p><p><b>subject</b>: <a href="Patient-STS-028.html">Patient/STS-028</a></p><p><b>effective</b>: 2018-10-12</p></div>
  </text>
  <status value="final"/>
  <code>
    <coding>
      <system value="https://terminology.arkhn.com/osiris"/>
      <code value="C37-2"/>
    </coding>
  </code>
  <subject>
    <reference value="Patient/STS-028"/>
  </subject>
  <effectiveDateTime value="2018-10-12"/>
</Observation>