<?xml version="1.0" encoding="UTF-8"?>

<Observation xmlns="http://hl7.org/fhir">
  <id value="fhir-osiris-example-causeofdeath"/>
  <meta>
    <profile value="https://build.fhir.org/ig/arkhn/arkhn-ig-osiris/StructureDefinition/cause-of-death"/>
  </meta>
  <text>
    <status value="generated"/><div xmlns="http://www.w3.org/1999/xhtml"><p><b>Generated Narrative: Observation</b><a name="fhir-osiris-example-causeofdeath"> </a><a name="hcfhir-osiris-example-causeofdeath"> </a></p><div style="display: inline-block; background-color: #d9e0e7; padding: 6px; margin: 4px; border: 1px solid #8da1b4; border-radius: 5px; line-height: 60%"><p style="margin-bottom: 0px">Resource Observation &quot;fhir-osiris-example-causeofdeath&quot; </p><p style="margin-bottom: 0px">Profile: <a href="StructureDefinition-cause-of-death.html">Cause Of Death</a></p></div><p><b>status</b>: final</p><p><b>code</b>: Cause of death <span style="background: LightGoldenRodYellow; margin: 4px; border: 1px solid khaki"> (<a href="https://loinc.org/">LOINC</a>#69453-9)</span></p><p><b>subject</b>: <a href="Patient-L304.html">Patient/L304</a></p><p><b>effective</b>: 2017-11-29</p><p><b>value</b>: C0027651 <span style="background: LightGoldenRodYellow; margin: 4px; border: 1px solid khaki"> (<a href="http://terminology.hl7.org/5.3.0/CodeSystem-umls.html">Unified Medical Language System</a>#C0027651)</span></p></div>
  </text>
  <status value="final"/>
  <code>
    <coding>
      <system value="http://loinc.org"/>
      <code value="69453-9"/>
      <display value="Cause of death"/>
    </coding>
  </code>
  <subject>
    <reference value="Patient/L304"/>
  </subject>
  <effectiveDateTime value="2017-11-29"/>
  <valueCodeableConcept>
    <coding>
      <system value="http://terminology.hl7.org/CodeSystem/umls"/>
      <code value="C0027651"/>
    </coding>
  </valueCodeableConcept>
</Observation>