<?xml version="1.0" encoding="UTF-8"?>

<Observation xmlns="http://hl7.org/fhir">
  <id value="FhirOSIRISResponseEvaluation-1"/>
  <meta>
    <profile value="https://build.fhir.org/ig/arkhn/arkhn-ig-osiris/StructureDefinition/response-evaluation"/>
  </meta>
  <text>
    <status value="generated"/><div xmlns="http://www.w3.org/1999/xhtml"><p><b>Generated Narrative: Observation</b><a name="FhirOSIRISResponseEvaluation-1"> </a><a name="hcFhirOSIRISResponseEvaluation-1"> </a></p><div style="display: inline-block; background-color: #d9e0e7; padding: 6px; margin: 4px; border: 1px solid #8da1b4; border-radius: 5px; line-height: 60%"><p style="margin-bottom: 0px">Resource Observation &quot;FhirOSIRISResponseEvaluation-1&quot; </p><p style="margin-bottom: 0px">Profile: <a href="StructureDefinition-response-evaluation.html">Response Evaluation</a></p></div><p><b>basedOn</b>: <a href="CarePlan-fhir-osiris-example-treatment-1.html">CarePlan/fhir-osiris-example-treatment-1</a></p><p><b>status</b>: final</p><p><b>code</b>: Evaluation of response to medications <span style="background: LightGoldenRodYellow; margin: 4px; border: 1px solid khaki"> (<a href="http://terminology.hl7.org/5.3.0/CodeSystem-umls.html">Unified Medical Language System</a>#370807008)</span></p><p><b>subject</b>: <a href="Patient-L304.html">Patient/L304</a></p><p><b>effective</b>: 1000-01-01</p><p><b>value</b>: C0439673 <span style="background: LightGoldenRodYellow; margin: 4px; border: 1px solid khaki"> ([not stated]#C0439673)</span></p></div>
  </text>
  <basedOn>
    <reference value="CarePlan/fhir-osiris-example-treatment-1"/>
  </basedOn>
  <status value="final"/>
  <code>
    <coding>
      <system value="http://terminology.hl7.org/CodeSystem/umls"/>
      <code value="370807008"/>
      <display value="Evaluation of response to medications"/>
    </coding>
  </code>
  <subject>
    <reference value="Patient/L304"/>
  </subject>
  <effectiveDateTime value="1000-01-01"/>
  <valueCodeableConcept>
    <coding>
      <code value="C0439673"/>
    </coding>
  </valueCodeableConcept>
</Observation>