<?xml version="1.0" encoding="UTF-8"?>

<ValueSet xmlns="http://hl7.org/fhir">
  <id value="VSModality"/>
  <text>
    <status value="generated"/><div xmlns="http://www.w3.org/1999/xhtml"><p>This value set includes codes based on the following rules:</p><ul><li>Include these codes as defined in <code>https://dicom.nema.org/medical/dicom</code><table class="none"><tr><td style="white-space:nowrap"><b>Code</b></td><td><b>Display</b></td></tr><tr><td>MR</td><td>Magnetic Resonance Imaging</td></tr><tr><td>CT</td><td>Computed Tomography Scanner</td></tr><tr><td>PT</td><td>Positron emission Tomography</td></tr><tr><td>DX</td><td>Digital X Ray</td></tr><tr><td>NM</td><td>Nuclear Medicine image</td></tr></table></li><li>Include these codes as defined in <a href="CodeSystem-SeriesModalityCS.html"><code>https://terminology.arkhn.com/SeriesModalityCS</code></a><table class="none"><tr><td style="white-space:nowrap"><b>Code</b></td><td><b>Display</b></td></tr><tr><td><a href="CodeSystem-SeriesModalityCS.html#SeriesModalityCS-RTSTRUCT">RTSTRUCT</a></td><td>Radiotherapy Structure Set</td></tr></table></li><li>Include these codes as defined in <a href="http://terminology.hl7.org/5.3.0/CodeSystem-umls.html"><code>http://terminology.hl7.org/CodeSystem/umls</code></a><table class="none"><tr><td style="white-space:nowrap"><b>Code</b></td><td><b>Display</b></td></tr><tr><td>C0439673</td><td>Unknown</td></tr></table></li></ul></div>
  </text>
  <url value="https://build.fhir.org/ig/arkhn/arkhn-ig-osiris/ValueSet/VSModality"/>
  <version value="2.1.0"/>
  <name value="VSModality"/>
  <title value=" Modality Value Set"/>
  <status value="draft"/>
  <date value="2024-03-21T14:34:32+00:00"/>
  <publisher value="Arkhn"/>
  <contact>
    <name value="Arkhn"/>
    <telecom>
      <system value="url"/>
      <value value="http://arkhn.com"/>
    </telecom>
    <telecom>
      <system value="email"/>
      <value value="contact@arkhn.com"/>
    </telecom>
  </contact>
  <contact>
    <name value="Nicolas Riss"/>
    <telecom>
      <system value="email"/>
      <value value="nicolas@arkhn.com"/>
    </telecom>
  </contact>
  <description value="Modality"/>
  <compose>
    <include>
      <system value="https://dicom.nema.org/medical/dicom"/>
      <concept>
        <code value="MR"/>
        <display value="Magnetic Resonance Imaging"/>
      </concept>
      <concept>
        <code value="CT"/>
        <display value="Computed Tomography Scanner"/>
      </concept>
      <concept>
        <code value="PT"/>
        <display value="Positron emission Tomography"/>
      </concept>
      <concept>
        <code value="DX"/>
        <display value="Digital X Ray"/>
      </concept>
      <concept>
        <code value="NM"/>
        <display value="Nuclear Medicine image"/>
      </concept>
    </include>
    <include>
      <system value="https://terminology.arkhn.com/SeriesModalityCS"/>
      <concept>
        <code value="RTSTRUCT"/>
        <display value="Radiotherapy Structure Set"/>
      </concept>
    </include>
    <include>
      <system value="http://terminology.hl7.org/CodeSystem/umls"/>
      <concept>
        <code value="C0439673"/>
        <display value="Unknown"/>
      </concept>
    </include>
  </compose>
</ValueSet>