<?xml version="1.0" encoding="UTF-8"?>

<ValueSet xmlns="http://hl7.org/fhir">
  <id value="vs-radiotherapy-intent"/>
  <text>
    <status value="generated"/><div xmlns="http://www.w3.org/1999/xhtml"><ul><li>Include these codes as defined in <a href="http://www.snomed.org/"><code>http://snomed.info/sct</code></a><table class="none"><tr><td style="white-space:nowrap"><b>Code</b></td><td><b>Display</b></td></tr><tr><td><a href="CodeSystem-SnomedCS.html#SnomedCS-373808002">373808002</a></td><td>Curative - procedure intent</td></tr><tr><td><a href="CodeSystem-SnomedCS.html#SnomedCS-363676003">363676003</a></td><td>Palliative - procedure intent</td></tr><tr><td><a href="CodeSystem-SnomedCS.html#SnomedCS-399707004">399707004</a></td><td>Supportive - procedure intent</td></tr><tr><td><a href="CodeSystem-SnomedCS.html#SnomedCS-261004008">261004008</a></td><td>Diagnostic intent</td></tr><tr><td><a href="CodeSystem-SnomedCS.html#SnomedCS-129428001">129428001</a></td><td>Preventive - intent</td></tr><tr><td><a href="CodeSystem-SnomedCS.html#SnomedCS-429892002">429892002</a></td><td>Guidance intent</td></tr><tr><td><a href="CodeSystem-SnomedCS.html#SnomedCS-360156006">360156006</a></td><td>Screening - procedure intent</td></tr><tr><td><a href="CodeSystem-SnomedCS.html#SnomedCS-447295008">447295008</a></td><td>Forensic intent</td></tr></table></li></ul></div>
  </text>
  <url value="https://build.fhir.org/ig/arkhn/arkhn-ig-osiris/ValueSet/vs-radiotherapy-intent"/>
  <version value="2.1.0"/>
  <name value="VSRadiotherapyIntent"/>
  <title value="Radiotherapy Intent"/>
  <status value="draft"/>
  <date value="2024-03-21T14:34:32+00:00"/>
  <publisher value="Arkhn"/>
  <contact>
    <name value="Arkhn"/>
    <telecom>
      <system value="url"/>
      <value value="http://arkhn.com"/>
    </telecom>
    <telecom>
      <system value="email"/>
      <value value="contact@arkhn.com"/>
    </telecom>
  </contact>
  <contact>
    <name value="Nicolas Riss"/>
    <telecom>
      <system value="email"/>
      <value value="nicolas@arkhn.com"/>
    </telecom>
  </contact>
  <description value="RadioTherapy Intent "/>
  <compose>
    <include>
      <system value="http://snomed.info/sct"/>
      <concept>
        <code value="373808002"/>
        <display value="Curative - procedure intent"/>
      </concept>
      <concept>
        <code value="363676003"/>
        <display value="Palliative - procedure intent"/>
      </concept>
      <concept>
        <code value="399707004"/>
        <display value="Supportive - procedure intent"/>
      </concept>
      <concept>
        <code value="261004008"/>
        <display value="Diagnostic intent"/>
      </concept>
      <concept>
        <code value="129428001"/>
        <display value="Preventive - intent"/>
      </concept>
      <concept>
        <code value="429892002"/>
        <display value="Guidance intent"/>
      </concept>
      <concept>
        <code value="360156006"/>
        <display value="Screening - procedure intent"/>
      </concept>
      <concept>
        <code value="447295008"/>
        <display value="Forensic intent"/>
      </concept>
    </include>
  </compose>
</ValueSet>