<?xml version="1.0" encoding="UTF-8"?>

<ValueSet xmlns="http://hl7.org/fhir">
  <id value="MutationPrediction"/>
  <text>
    <status value="generated"/><div xmlns="http://www.w3.org/1999/xhtml"><ul><li>Include these codes as defined in <code>https://github.com/siric-osiris/OSIRIS</code><table class="none"><tr><td style="white-space:nowrap"><b>Code</b></td><td><b>Display</b></td></tr><tr><td>O63-1</td><td>SIFT</td></tr><tr><td>O63-2</td><td>POLYPHEN2_HDIV</td></tr><tr><td>O63-3</td><td>MutationTaster</td></tr></table></li></ul></div>
  </text>
  <url value="https://build.fhir.org/ig/arkhn/arkhn-ig-osiris/ValueSet/MutationPrediction"/>
  <version value="2.1.0"/>
  <name value="MutationPrediction"/>
  <title value="Mutation prediction Value Set"/>
  <status value="draft"/>
  <date value="2024-03-21T14:32:00+00:00"/>
  <publisher value="Arkhn"/>
  <contact>
    <name value="Arkhn"/>
    <telecom>
      <system value="url"/>
      <value value="http://arkhn.com"/>
    </telecom>
    <telecom>
      <system value="email"/>
      <value value="contact@arkhn.com"/>
    </telecom>
  </contact>
  <contact>
    <name value="Nicolas Riss"/>
    <telecom>
      <system value="email"/>
      <value value="nicolas@arkhn.com"/>
    </telecom>
  </contact>
  <description value="Mutation prediction"/>
  <compose>
    <include>
      <system value="https://github.com/siric-osiris/OSIRIS"/>
      <concept>
        <code value="O63-1"/>
        <display value="SIFT"/>
      </concept>
      <concept>
        <code value="O63-2"/>
        <display value="POLYPHEN2_HDIV"/>
      </concept>
      <concept>
        <code value="O63-3"/>
        <display value="MutationTaster"/>
      </concept>
    </include>
  </compose>
</ValueSet>