<?xml version="1.0" encoding="UTF-8"?>

<ValueSet xmlns="http://hl7.org/fhir">
  <id value="BiologicalSampleNature"/>
  <text>
    <status value="generated"/><div xmlns="http://www.w3.org/1999/xhtml"><ul><li>Include these codes as defined in <a href="http://terminology.hl7.org/5.3.0/CodeSystem-umls.html"><code>http://terminology.hl7.org/CodeSystem/umls</code></a><table class="none"><tr><td style="white-space:nowrap"><b>Code</b></td><td><b>Display</b></td></tr><tr><td>C0005767</td><td>Blood</td></tr><tr><td>C0032105</td><td>Plasma</td></tr><tr><td>C0033684</td><td>Protein</td></tr><tr><td>C0035668</td><td>RNA</td></tr><tr><td>C0012854</td><td>DNA</td></tr><tr><td>C1321301</td><td>Peripheral Blood Mononuclear Cell</td></tr><tr><td>C0085983</td><td>Tumor Cell Line</td></tr><tr><td>C1548793</td><td>Frozen Specimen</td></tr><tr><td>C1519524</td><td>Paraffin Embedded Tissue (FFPE)</td></tr><tr><td>C0042036</td><td>Urine</td></tr><tr><td>C0439673</td><td>Unknown</td></tr><tr><td>C0036087</td><td>Saliva</td></tr><tr><td>C0229671</td><td>Serum</td></tr><tr><td>C3827014</td><td>Circulating Tumor-Derived DNA</td></tr><tr><td>C0522537</td><td>Xenograft</td></tr><tr><td>C0007806</td><td>Cerebrospinal FLuid</td></tr><tr><td>C0225778</td><td> Pleural Fluid</td></tr><tr><td>C2827484</td><td>Fixed Slide</td></tr></table></li></ul></div>
  </text>
  <url value="https://build.fhir.org/ig/arkhn/arkhn-ig-osiris/ValueSet/BiologicalSampleNature"/>
  <version value="2.1.0"/>
  <name value="BiologicalSampleNature"/>
  <title value="Biological Sample Nature Value Set"/>
  <status value="draft"/>
  <date value="2024-03-21T14:32:00+00:00"/>
  <publisher value="Arkhn"/>
  <contact>
    <name value="Arkhn"/>
    <telecom>
      <system value="url"/>
      <value value="http://arkhn.com"/>
    </telecom>
    <telecom>
      <system value="email"/>
      <value value="contact@arkhn.com"/>
    </telecom>
  </contact>
  <contact>
    <name value="Nicolas Riss"/>
    <telecom>
      <system value="email"/>
      <value value="nicolas@arkhn.com"/>
    </telecom>
  </contact>
  <description value="Biological sample nature"/>
  <compose>
    <include>
      <system value="http://terminology.hl7.org/CodeSystem/umls"/>
      <concept>
        <code value="C0005767"/>
        <display value="Blood"/>
      </concept>
      <concept>
        <code value="C0032105"/>
        <display value="Plasma"/>
      </concept>
      <concept>
        <code value="C0033684"/>
        <display value="Protein"/>
      </concept>
      <concept>
        <code value="C0035668"/>
        <display value="RNA"/>
      </concept>
      <concept>
        <code value="C0012854"/>
        <display value="DNA"/>
      </concept>
      <concept>
        <code value="C1321301"/>
        <display value="Peripheral Blood Mononuclear Cell"/>
      </concept>
      <concept>
        <code value="C0085983"/>
        <display value="Tumor Cell Line"/>
      </concept>
      <concept>
        <code value="C1548793"/>
        <display value="Frozen Specimen"/>
      </concept>
      <concept>
        <code value="C1519524"/>
        <display value="Paraffin Embedded Tissue (FFPE)"/>
      </concept>
      <concept>
        <code value="C0042036"/>
        <display value="Urine"/>
      </concept>
      <concept>
        <code value="C0439673"/>
        <display value="Unknown"/>
      </concept>
      <concept>
        <code value="C0036087"/>
        <display value="Saliva"/>
      </concept>
      <concept>
        <code value="C0229671"/>
        <display value="Serum"/>
      </concept>
      <concept>
        <code value="C3827014"/>
        <display value="Circulating Tumor-Derived DNA"/>
      </concept>
      <concept>
        <code value="C0522537"/>
        <display value="Xenograft"/>
      </concept>
      <concept>
        <code value="C0007806"/>
        <display value="Cerebrospinal FLuid"/>
      </concept>
      <concept>
        <code value="C0225778"/>
        <display value=" Pleural Fluid"/>
      </concept>
      <concept>
        <code value="C2827484"/>
        <display value="Fixed Slide"/>
      </concept>
    </include>
  </compose>
</ValueSet>