<?xml version="1.0" encoding="UTF-8"?>

<ValueSet xmlns="http://hl7.org/fhir">
  <id value="Parentage"/>
  <text>
    <status value="generated"/><div xmlns="http://www.w3.org/1999/xhtml"><p>This value set includes codes based on the following rules:</p><ul><li>Include these codes as defined in <a href="http://terminology.hl7.org/5.3.0/CodeSystem-umls.html"><code>http://terminology.hl7.org/CodeSystem/umls</code></a><table class="none"><tr><td style="white-space:nowrap"><b>Code</b></td><td><b>Display</b></td></tr><tr><td>C0037047</td><td>Sibling</td></tr><tr><td>C0030551</td><td>Parent</td></tr><tr><td>C0015671</td><td>Father</td></tr><tr><td>C0026591</td><td>Mother</td></tr><tr><td>C3844804</td><td>Paternal cousin</td></tr><tr><td>C3844805</td><td>Maternal cousin</td></tr><tr><td>C3242761</td><td>Maternal grandparent</td></tr><tr><td>C3242764</td><td>Paternal grandparent</td></tr><tr><td>C1273524</td><td>Paternal grandmother</td></tr><tr><td>C1273525</td><td>Maternal grandmother</td></tr><tr><td>C1273523</td><td>Maternal grandfather</td></tr><tr><td>C1273522</td><td>Paternal grandfather</td></tr><tr><td>C0337471</td><td>Grandparent</td></tr><tr><td>C0337577</td><td>Uncle</td></tr><tr><td>C3714276</td><td>Paternal uncle</td></tr><tr><td>C3714277</td><td>Maternal uncle</td></tr><tr><td>C0337576</td><td>Aunt</td></tr><tr><td>C3714274</td><td>Paternal aunt</td></tr><tr><td>C3714275</td><td>Maternal aunt</td></tr><tr><td>C0337580</td><td>Cousin</td></tr><tr><td>C0439673</td><td>Unknown</td></tr></table></li><li>Include these codes as defined in <code>https://github.com/siric-osiris/OSIRIS</code><table class="none"><tr><td style="white-space:nowrap"><b>Code</b></td><td><b>Display</b></td></tr><tr><td>C77-6</td><td>Other</td></tr></table></li></ul></div>
  </text>
  <url value="https://build.fhir.org/ig/arkhn/arkhn-ig-osiris/ValueSet/Parentage"/>
  <version value="2.1.0"/>
  <name value="Parentage"/>
  <title value="Parentage Value Set"/>
  <status value="draft"/>
  <date value="2024-03-21T14:34:32+00:00"/>
  <publisher value="Arkhn"/>
  <contact>
    <name value="Arkhn"/>
    <telecom>
      <system value="url"/>
      <value value="http://arkhn.com"/>
    </telecom>
    <telecom>
      <system value="email"/>
      <value value="contact@arkhn.com"/>
    </telecom>
  </contact>
  <contact>
    <name value="Nicolas Riss"/>
    <telecom>
      <system value="email"/>
      <value value="nicolas@arkhn.com"/>
    </telecom>
  </contact>
  <description value="Parentage"/>
  <compose>
    <include>
      <system value="http://terminology.hl7.org/CodeSystem/umls"/>
      <concept>
        <code value="C0037047"/>
        <display value="Sibling"/>
      </concept>
      <concept>
        <code value="C0030551"/>
        <display value="Parent"/>
      </concept>
      <concept>
        <code value="C0015671"/>
        <display value="Father"/>
      </concept>
      <concept>
        <code value="C0026591"/>
        <display value="Mother"/>
      </concept>
      <concept>
        <code value="C3844804"/>
        <display value="Paternal cousin"/>
      </concept>
      <concept>
        <code value="C3844805"/>
        <display value="Maternal cousin"/>
      </concept>
      <concept>
        <code value="C3242761"/>
        <display value="Maternal grandparent"/>
      </concept>
      <concept>
        <code value="C3242764"/>
        <display value="Paternal grandparent"/>
      </concept>
      <concept>
        <code value="C1273524"/>
        <display value="Paternal grandmother"/>
      </concept>
      <concept>
        <code value="C1273525"/>
        <display value="Maternal grandmother"/>
      </concept>
      <concept>
        <code value="C1273523"/>
        <display value="Maternal grandfather"/>
      </concept>
      <concept>
        <code value="C1273522"/>
        <display value="Paternal grandfather"/>
      </concept>
      <concept>
        <code value="C0337471"/>
        <display value="Grandparent"/>
      </concept>
      <concept>
        <code value="C0337577"/>
        <display value="Uncle"/>
      </concept>
      <concept>
        <code value="C3714276"/>
        <display value="Paternal uncle"/>
      </concept>
      <concept>
        <code value="C3714277"/>
        <display value="Maternal uncle"/>
      </concept>
      <concept>
        <code value="C0337576"/>
        <display value="Aunt"/>
      </concept>
      <concept>
        <code value="C3714274"/>
        <display value="Paternal aunt"/>
      </concept>
      <concept>
        <code value="C3714275"/>
        <display value="Maternal aunt"/>
      </concept>
      <concept>
        <code value="C0337580"/>
        <display value="Cousin"/>
      </concept>
      <concept>
        <code value="C0439673"/>
        <display value="Unknown"/>
      </concept>
    </include>
    <include>
      <system value="https://github.com/siric-osiris/OSIRIS"/>
      <concept>
        <code value="C77-6"/>
        <display value="Other"/>
      </concept>
    </include>
  </compose>
</ValueSet>