URL,Version,Status,OIDs,Name,Title,Descriptino,Used
http://hl7.org/fhir/us/codex-radiation-therapy/CodeSystem/snomed-requested-cs,2.1.0,draft,,SnomedRequestedCScodex,Requested SNOMED Codes Code System,"Requested SNOMED Codes by codex",
http://hl7.org/fhir/us/mcode/CodeSystem/snomed-requested-cs,2.1.0,draft,,SnomedRequestedCSmcode,Requested SNOMED Codes Code System,"Requested SNOMED Codes by mcode",
http://snomed.info/sct,2.1.0,draft,,SnomedCS,SNOMED Codes Code System,"SNOMED Codes Code System",
https://build.fhir.org/ig/arkhn/arkhn-ig-osiris/CodeSystem/RadiotherapyCS,2.1.0,draft,,RadiotherapyCS,Radiotherapy Code System,"Radiotherapy Code System",
https://ibsi.readthedocs.io/en/latest/,2.1.0,draft,,IBSICS,IBSI Code System,"IBSI Code System",
https://terminology.arkhn.com/SeriesModalityCS,2.1.0,draft,,SeriesModalityCS,Series Modality Code System,"Series Modality  Code System",
https://terminology.arkhn.com/osiris,2.1.0,draft,,OsirisCS,Osiris code system,"Custom code from osiris standard",
https://terminology.arkhn.com/radiomicsCS,2.1.0,draft,,RadiomicsCS,Imaging Code System,"Imaging Code System",
