{
  "resourceType" : "ImagingStudy",
  "id" : "fhir-osiris-example-imagingstudy-dx",
  "meta" : {
    "profile" : ["https://build.fhir.org/ig/arkhn/arkhn-ig-osiris/StructureDefinition/onco-imagingstudy"]
  },
  "text" : {
    "status" : "extensions",
    "div" : "<div xmlns=\"http://www.w3.org/1999/xhtml\"><p><b>Generated Narrative: ImagingStudy</b><a name=\"fhir-osiris-example-imagingstudy-dx\"> </a><a name=\"hcfhir-osiris-example-imagingstudy-dx\"> </a></p><div style=\"display: inline-block; background-color: #d9e0e7; padding: 6px; margin: 4px; border: 1px solid #8da1b4; border-radius: 5px; line-height: 60%\"><p style=\"margin-bottom: 0px\">Resource ImagingStudy &quot;fhir-osiris-example-imagingstudy-dx&quot; </p><p style=\"margin-bottom: 0px\">Profile: <a href=\"StructureDefinition-onco-imagingstudy.html\">Imaging Study</a></p></div><p><b>identifier</b>: 1.3.6.1.4.1.14519.5.2.1.6279.6001.175012972118199124641098335511</p><p><b>status</b>: available</p><p><b>modality</b>: C0439673 (Details: http://terminology.hl7.org/CodeSystem/umls code C0439673 = 'C0439673', stated as 'null')</p><p><b>subject</b>: <a href=\"Patient-LIDC-IDRI-0001.html\">Patient/LIDC-IDRI-0001</a></p><p><b>started</b>: 2000-01-01</p><p><b>endpoint</b>: <a href=\"Endpoint-fhir-osiris-example-imagingendpoint-dx.html\">Endpoint/fhir-osiris-example-imagingendpoint-dx</a> &quot;['Soft-tissue-Sarcoma/LIDC-IDRI-0001/01-01-2000-NA-NA-35511/3000923.000000-NA-62357/1-1.dcm']&quot;</p><p><b>numberOfSeries</b>: 999999</p><p><b>reasonReference</b>: <a href=\"Observation-fhir-osiris-example-analysis-dx.html\">Observation/fhir-osiris-example-analysis-dx</a></p><p><b>description</b>: Unknown</p><blockquote><p><b>series</b></p><blockquote><p><b>Imaging Settings</b></p><blockquote><p><b>url</b></p><code>slice_thickness</code></blockquote><p><b>value</b>: Unknown</p><blockquote><p><b>url</b></p><code>pixel_spacing</code></blockquote><p><b>value</b>: Unknown</p><blockquote><p><b>url</b></p><code>rows</code></blockquote><p><b>value</b>: 2022</p><blockquote><p><b>url</b></p><code>columns</code></blockquote><p><b>value</b>: 2022</p><blockquote><p><b>url</b></p><code>dx_image</code></blockquote></blockquote><blockquote><p><b>Weight and Height at the time of the Serie</b></p><blockquote><p><b>url</b></p><code>patient_weight</code></blockquote><p><b>value</b>: 999999</p><blockquote><p><b>url</b></p><code>patient_height</code></blockquote><p><b>value</b>: 999999</p></blockquote><p><b>uid</b>: 1.3.6.1.4.1.14519.5.2.1.6279.6001.141365756818074696859567662357</p><p><b>number</b>: 3000923</p><p><b>modality</b>: DX (Details: https://dicom.nema.org/medical/dicom code DX = 'DX', stated as 'null')</p><p><b>description</b>: Unknown</p><p><b>numberOfInstances</b>: 999999</p><p><b>bodySite</b>: Thorax (Details: SNOMED CT code 43799004 = 'Thorax', stated as 'null')</p><p><b>started</b>: 2000-01-01</p><h3>Performers</h3><table class=\"grid\"><tr><td style=\"display: none\">-</td><td><b>Actor</b></td></tr><tr><td style=\"display: none\">*</td><td><a href=\"Device-fhir-osiris-example-imagingdevice-dx.html\">Device/fhir-osiris-example-imagingdevice-dx</a></td></tr></table><h3>Instances</h3><table class=\"grid\"><tr><td style=\"display: none\">-</td><td><b>Uid</b></td><td><b>SopClass</b></td></tr><tr><td style=\"display: none\">*</td><td>1.3.6.1.4.1.14519.5.2.1.6279.6001.307896144859643716158189196068</td><td>Digital X-Ray Image Storage - For Presentation (Details: [not stated] code table_B.5-1#1.2.840.10008.5.1.4.1.1.1.1 = 'table_B.5-1#1.2.840.10008.5.1.4.1.1.1.1', stated as 'Digital X-Ray Image Storage - For Presentation')</td></tr></table></blockquote></div>"
  },
  "identifier" : [{
    "value" : "1.3.6.1.4.1.14519.5.2.1.6279.6001.175012972118199124641098335511"
  }],
  "status" : "available",
  "modality" : [{
    "system" : "http://terminology.hl7.org/CodeSystem/umls",
    "code" : "C0439673"
  }],
  "subject" : {
    "reference" : "Patient/LIDC-IDRI-0001"
  },
  "started" : "2000-01-01",
  "endpoint" : [{
    "reference" : "Endpoint/fhir-osiris-example-imagingendpoint-dx"
  }],
  "numberOfSeries" : 999999,
  "reasonReference" : [{
    "reference" : "Observation/fhir-osiris-example-analysis-dx"
  }],
  "description" : "Unknown",
  "series" : [{
    "extension" : [{
      "extension" : [{
        "url" : "slice_thickness",
        "valueString" : "Unknown"
      },
      {
        "url" : "pixel_spacing",
        "valueString" : "Unknown"
      },
      {
        "url" : "rows",
        "valueInteger" : 2022
      },
      {
        "url" : "columns",
        "valueInteger" : 2022
      },
      {
        "extension" : [{
          "url" : "image_laterality",
          "valueString" : "Unknown"
        },
        {
          "url" : "kvp",
          "valueInteger" : 999999
        },
        {
          "url" : "exposure",
          "valueInteger" : 2
        },
        {
          "url" : "exposure_time",
          "valueInteger" : 7
        },
        {
          "url" : "patient_orientation",
          "valueString" : "['P', 'F']"
        }],
        "url" : "dx_image"
      }],
      "url" : "https://build.fhir.org/ig/arkhn/arkhn-ig-osiris/StructureDefinition/imaging-settings"
    },
    {
      "extension" : [{
        "url" : "patient_weight",
        "valueDecimal" : 999999
      },
      {
        "url" : "patient_height",
        "valueDecimal" : 999999
      }],
      "url" : "https://build.fhir.org/ig/arkhn/arkhn-ig-osiris/StructureDefinition/series-weightheigt"
    }],
    "uid" : "1.3.6.1.4.1.14519.5.2.1.6279.6001.141365756818074696859567662357",
    "number" : 3000923,
    "modality" : {
      "system" : "https://dicom.nema.org/medical/dicom",
      "code" : "DX"
    },
    "description" : "Unknown",
    "numberOfInstances" : 999999,
    "bodySite" : {
      "system" : "http://snomed.info/sct",
      "code" : "43799004"
    },
    "started" : "2000-01-01",
    "performer" : [{
      "actor" : {
        "reference" : "Device/fhir-osiris-example-imagingdevice-dx"
      }
    }],
    "instance" : [{
      "uid" : "1.3.6.1.4.1.14519.5.2.1.6279.6001.307896144859643716158189196068",
      "sopClass" : {
        "code" : "table_B.5-1#1.2.840.10008.5.1.4.1.1.1.1",
        "display" : "Digital X-Ray Image Storage - For Presentation"
      }
    }]
  }]
}