{
  "resourceType" : "MedicationAdministration",
  "id" : "fhir-osiris-example-injection-pt-nm",
  "meta" : {
    "profile" : ["https://build.fhir.org/ig/arkhn/arkhn-ig-osiris/StructureDefinition/onco-imagingstudy-injection"]
  },
  "text" : {
    "status" : "generated",
    "div" : "<div xmlns=\"http://www.w3.org/1999/xhtml\"><p><b>Generated Narrative: MedicationAdministration</b><a name=\"fhir-osiris-example-injection-pt-nm\"> </a><a name=\"hcfhir-osiris-example-injection-pt-nm\"> </a></p><div style=\"display: inline-block; background-color: #d9e0e7; padding: 6px; margin: 4px; border: 1px solid #8da1b4; border-radius: 5px; line-height: 60%\"><p style=\"margin-bottom: 0px\">Resource MedicationAdministration &quot;fhir-osiris-example-injection-pt-nm&quot; </p><p style=\"margin-bottom: 0px\">Profile: <a href=\"StructureDefinition-onco-imagingstudy-injection.html\">Imaging Study Injection</a></p></div><p><b>status</b>: completed</p><p><b>medication</b>: <a href=\"Medication-fhir-osiris-example-injection-medication-pt-nm.html\">Medication/fhir-osiris-example-injection-medication-pt-nm</a></p><p><b>subject</b>: <a href=\"Patient-STS-028.html\">Patient/STS-028</a></p><p><b>effective</b>: 1000-01-01</p><h3>Dosages</h3><table class=\"grid\"><tr><td style=\"display: none\">-</td><td><b>Dose</b></td></tr><tr><td style=\"display: none\">*</td><td>132600</td></tr></table></div>"
  },
  "status" : "completed",
  "medicationReference" : {
    "reference" : "Medication/fhir-osiris-example-injection-medication-pt-nm"
  },
  "subject" : {
    "reference" : "Patient/STS-028"
  },
  "effectiveDateTime" : "1000-01-01",
  "dosage" : {
    "dose" : {
      "value" : 132600
    }
  }
}