{
  "resourceType" : "MolecularSequence",
  "id" : "fhir-osiris-genome-entity-1",
  "meta" : {
    "profile" : ["https://build.fhir.org/ig/arkhn/arkhn-ig-osiris/StructureDefinition/genome-entity"]
  },
  "text" : {
    "status" : "extensions",
    "div" : "<div xmlns=\"http://www.w3.org/1999/xhtml\"><p><b>Generated Narrative: MolecularSequence</b><a name=\"fhir-osiris-genome-entity-1\"> </a><a name=\"hcfhir-osiris-genome-entity-1\"> </a></p><div style=\"display: inline-block; background-color: #d9e0e7; padding: 6px; margin: 4px; border: 1px solid #8da1b4; border-radius: 5px; line-height: 60%\"><p style=\"margin-bottom: 0px\">Resource MolecularSequence &quot;fhir-osiris-genome-entity-1&quot; </p><p style=\"margin-bottom: 0px\">Profile: <a href=\"StructureDefinition-genome-entity.html\">Genome Entity</a></p></div><p><b>GenomeEntityType</b>: C0439673 <span style=\"background: LightGoldenRodYellow; margin: 4px; border: 1px solid khaki\"> (<a href=\"http://terminology.hl7.org/5.3.0/CodeSystem-umls.html\">Unified Medical Language System</a>#C0439673)</span></p><p><b>coordinateSystem</b>: 0</p><p><b>patient</b>: <a href=\"Patient-L304.html\">Patient/L304</a></p><h3>Repositories</h3><table class=\"grid\"><tr><td style=\"display: none\">-</td><td><b>Type</b></td><td><b>Name</b></td><td><b>DatasetId</b></td></tr><tr><td style=\"display: none\">*</td><td>other</td><td>Unknown</td><td>Unknown</td></tr></table></div>"
  },
  "extension" : [{
    "url" : "https://build.fhir.org/ig/arkhn/arkhn-ig-osiris/StructureDefinition/genomeentityType",
    "valueCodeableConcept" : {
      "coding" : [{
        "system" : "http://terminology.hl7.org/CodeSystem/umls",
        "code" : "C0439673"
      }]
    }
  }],
  "coordinateSystem" : 0,
  "patient" : {
    "reference" : "Patient/L304"
  },
  "repository" : [{
    "type" : "other",
    "name" : "Unknown",
    "datasetId" : "Unknown"
  }]
}