{
  "resourceType" : "Observation",
  "id" : "fhir-osiris-example-RadiomicsImageFilter",
  "meta" : {
    "profile" : ["https://build.fhir.org/ig/arkhn/arkhn-ig-osiris/StructureDefinition/radiomics-Image-filters"]
  },
  "text" : {
    "status" : "extensions",
    "div" : "<div xmlns=\"http://www.w3.org/1999/xhtml\"><p><b>Generated Narrative: Observation</b><a name=\"fhir-osiris-example-RadiomicsImageFilter\"> </a><a name=\"hcfhir-osiris-example-RadiomicsImageFilter\"> </a></p><div style=\"display: inline-block; background-color: #d9e0e7; padding: 6px; margin: 4px; border: 1px solid #8da1b4; border-radius: 5px; line-height: 60%\"><p style=\"margin-bottom: 0px\">Resource Observation &quot;fhir-osiris-example-RadiomicsImageFilter&quot; </p><p style=\"margin-bottom: 0px\">Profile: <a href=\"StructureDefinition-radiomics-Image-filters.html\">Radiomics Image Filters</a></p></div><blockquote><p><b>Radiomics Image Filters Settings</b></p><blockquote><p><b>url</b></p><code>softwareName</code></blockquote><p><b>value</b>: PyRadiomics</p><blockquote><p><b>url</b></p><code>softwareVersion</code></blockquote><p><b>value</b>: v3.0.1</p><blockquote><p><b>url</b></p><code>filterMethod</code></blockquote><p><b>value</b>: mean</p><blockquote><p><b>url</b></p><code>filterType</code></blockquote><p><b>value</b>: 3D volume</p><blockquote><p><b>url</b></p><code>filterInterpolation</code></blockquote><p><b>value</b>: None</p><blockquote><p><b>url</b></p><code>intensityRounding</code></blockquote><blockquote><p><b>url</b></p><code>boundaryCondition</code></blockquote><p><b>value</b>: zero padding</p></blockquote><p><b>partOf</b>: <a href=\"fhir-osiris-example-imagingstudy\">fhir-osiris-example-imagingstudy</a></p><p><b>status</b>: final</p><p><b>code</b>: DIR - example sections+entries <span style=\"background: LightGoldenRodYellow; margin: 4px; border: 1px solid khaki\"> (<a href=\"https://loinc.org/\">LOINC</a>#85430-7)</span></p><p><b>subject</b>: <a href=\"Patient-L304.html\">Patient/L304</a></p><p><b>note</b>: 1.3.12.2.1107.5.8.15.131606.30000020020620243975600000856</p></div>"
  },
  "extension" : [{
    "extension" : [{
      "url" : "softwareName",
      "valueString" : "PyRadiomics"
    },
    {
      "url" : "softwareVersion",
      "valueString" : "v3.0.1"
    },
    {
      "url" : "filterMethod",
      "valueString" : "mean"
    },
    {
      "url" : "filterType",
      "valueString" : "3D volume"
    },
    {
      "url" : "filterInterpolation",
      "valueString" : "None"
    },
    {
      "extension" : [{
        "url" : "valueString",
        "valueString" : "linear"
      },
      {
        "url" : "code"
      }],
      "url" : "intensityRounding"
    },
    {
      "url" : "boundaryCondition",
      "valueString" : "zero padding"
    }],
    "url" : "https://build.fhir.org/ig/arkhn/arkhn-ig-osiris/StructureDefinition/radiomics-image-filters-settings"
  }],
  "partOf" : [{
    "reference" : "fhir-osiris-example-imagingstudy"
  }],
  "status" : "final",
  "code" : {
    "coding" : [{
      "system" : "http://loinc.org",
      "code" : "85430-7"
    }]
  },
  "subject" : {
    "reference" : "Patient/L304"
  },
  "note" : [{
    "text" : "1.3.12.2.1107.5.8.15.131606.30000020020620243975600000856"
  }]
}