{
  "resourceType" : "Observation",
  "id" : "fhir-osiris-example-biomarker",
  "meta" : {
    "profile" : ["https://build.fhir.org/ig/arkhn/arkhn-ig-osiris/StructureDefinition/biomarker"]
  },
  "text" : {
    "status" : "generated",
    "div" : "<div xmlns=\"http://www.w3.org/1999/xhtml\"><p><b>Generated Narrative: Observation</b><a name=\"fhir-osiris-example-biomarker\"> </a><a name=\"hcfhir-osiris-example-biomarker\"> </a></p><div style=\"display: inline-block; background-color: #d9e0e7; padding: 6px; margin: 4px; border: 1px solid #8da1b4; border-radius: 5px; line-height: 60%\"><p style=\"margin-bottom: 0px\">Resource Observation &quot;fhir-osiris-example-biomarker&quot; </p><p style=\"margin-bottom: 0px\">Profile: <a href=\"StructureDefinition-biomarker.html\">Biomarker</a></p></div><p><b>status</b>: final</p><p><b>code</b>: cg6548 <span style=\"background: LightGoldenRodYellow; margin: 4px; border: 1px solid khaki\"> ([not stated]#cg6548)</span></p><p><b>subject</b>: <a href=\"Patient-L304.html\">Patient/L304</a></p><p><b>value</b>: ++</p><p><b>derivedFrom</b>: <a href=\"Observation-fhir-osiris-example-analysis-clinical.html\">Observation/fhir-osiris-example-analysis-clinical</a></p></div>"
  },
  "status" : "final",
  "code" : {
    "coding" : [{
      "code" : "cg6548"
    }]
  },
  "subject" : {
    "reference" : "Patient/L304"
  },
  "valueString" : "++",
  "derivedFrom" : [{
    "reference" : "Observation/fhir-osiris-example-analysis-clinical"
  }]
}