{
  "resourceType" : "Observation",
  "id" : "fhir-osiris-example-vitalstatus",
  "meta" : {
    "profile" : ["https://build.fhir.org/ig/arkhn/arkhn-ig-osiris/StructureDefinition/vital-status"]
  },
  "text" : {
    "status" : "generated",
    "div" : "<div xmlns=\"http://www.w3.org/1999/xhtml\"><p><b>Generated Narrative: Observation</b><a name=\"fhir-osiris-example-vitalstatus\"> </a><a name=\"hcfhir-osiris-example-vitalstatus\"> </a></p><div style=\"display: inline-block; background-color: #d9e0e7; padding: 6px; margin: 4px; border: 1px solid #8da1b4; border-radius: 5px; line-height: 60%\"><p style=\"margin-bottom: 0px\">Resource Observation &quot;fhir-osiris-example-vitalstatus&quot; </p><p style=\"margin-bottom: 0px\">Profile: <a href=\"StructureDefinition-vital-status.html\">Vital Status</a></p></div><p><b>status</b>: final</p><p><b>code</b>: Last follow-up hospital [Identifier] Cancer registry <span style=\"background: LightGoldenRodYellow; margin: 4px; border: 1px solid khaki\"> (<a href=\"https://loinc.org/\">LOINC</a>#22023-6)</span></p><p><b>subject</b>: <a href=\"Patient-L304.html\">Patient/L304</a></p><p><b>effective</b>: 2017-11-29</p><p><b>value</b>: C1546956 <span style=\"background: LightGoldenRodYellow; margin: 4px; border: 1px solid khaki\"> (<a href=\"http://terminology.hl7.org/5.3.0/CodeSystem-umls.html\">Unified Medical Language System</a>#C1546956)</span></p></div>"
  },
  "status" : "final",
  "code" : {
    "coding" : [{
      "system" : "http://loinc.org",
      "code" : "22023-6",
      "display" : "Last follow-up hospital [Identifier] Cancer registry"
    }]
  },
  "subject" : {
    "reference" : "Patient/L304"
  },
  "effectiveDateTime" : "2017-11-29",
  "valueCodeableConcept" : {
    "coding" : [{
      "system" : "http://terminology.hl7.org/CodeSystem/umls",
      "code" : "C1546956"
    }]
  }
}