{
  "resourceType" : "Procedure",
  "id" : "fhir-osiris-example-RadiotherapyPlan-1",
  "meta" : {
    "profile" : ["https://build.fhir.org/ig/arkhn/arkhn-ig-osiris/StructureDefinition/radiotherapy-plan"]
  },
  "text" : {
    "status" : "extensions",
    "div" : "<div xmlns=\"http://www.w3.org/1999/xhtml\"><p><b>Generated Narrative: Procedure</b><a name=\"fhir-osiris-example-RadiotherapyPlan-1\"> </a><a name=\"hcfhir-osiris-example-RadiotherapyPlan-1\"> </a></p><div style=\"display: inline-block; background-color: #d9e0e7; padding: 6px; margin: 4px; border: 1px solid #8da1b4; border-radius: 5px; line-height: 60%\"><p style=\"margin-bottom: 0px\">Resource Procedure &quot;fhir-osiris-example-RadiotherapyPlan-1&quot; </p><p style=\"margin-bottom: 0px\">Profile: <a href=\"StructureDefinition-radiotherapy-plan.html\">Radiotherapy Plan</a></p></div><p><b>Number of Fractions</b>: 16</p><p><b>Algorith mName</b>: Unknown</p><blockquote><p><b>Connection with the imaging module</b></p><blockquote><p><b>url</b></p><code>seriesUID</code></blockquote><p><b>value</b>: Unknown</p><blockquote><p><b>url</b></p><code>rtStructUID</code></blockquote><p><b>value</b>: <a href=\"Observation-fhir-osiris-example-ROISegmentation.html\">Observation/fhir-osiris-example-ROISegmentation</a></p></blockquote><blockquote><p><b>Dose To Volume</b></p><blockquote><p><b>url</b></p><code>rtDoseUID</code></blockquote><p><b>value</b>: Unknown</p><blockquote><p><b>url</b></p><code>volume</code></blockquote><p><b>value</b>: <a href=\"BodyStructure-fhir-osiris-example-RadiotherapyVolume-1.html\">BodyStructure/fhir-osiris-example-RadiotherapyVolume-1</a></p><blockquote><p><b>url</b></p><code>fractionDose</code></blockquote><p><b>value</b>: 266</p><blockquote><p><b>url</b></p><a href=\"StructureDefinition-numberOfFractions.html\">Number of Fractions</a></blockquote><p><b>value</b>: 16</p><blockquote><p><b>url</b></p><code>totalDose</code></blockquote><p><b>value</b>: 4256</p></blockquote><blockquote><p><b>Modality And Technique</b></p><blockquote><p><b>url</b></p><code>radiotherapyModality</code></blockquote><p><b>value</b>: External beam radiation therapy using photons (procedure) <span style=\"background: LightGoldenRodYellow; margin: 4px; border: 1px solid khaki\"> (<a href=\"https://browser.ihtsdotools.org/\">SNOMED CT</a>#1156506007)</span></p><blockquote><p><b>url</b></p><code>radiotherapyTechnique</code></blockquote><p><b>value</b>: Three dimensional external beam radiation therapy (procedure) <span style=\"background: LightGoldenRodYellow; margin: 4px; border: 1px solid khaki\"> (<a href=\"CodeSystem-SnomedRequestedCSmcode.html\">Requested SNOMED Codes Code System</a>#1162782007)</span></p><blockquote><p><b>url</b></p><code>radiotherapyTreatmentMachinePlanned</code></blockquote><p><b>value</b>: Unknown</p></blockquote><blockquote><p><b>Dose To Volume</b></p><blockquote><p><b>url</b></p><code>volume</code></blockquote><p><b>value</b>: <a href=\"BodyStructure-fhir-osiris-example-RadiotherapyVolume-2.html\">BodyStructure/fhir-osiris-example-RadiotherapyVolume-2</a></p><blockquote><p><b>url</b></p><code>fractionDose</code></blockquote><p><b>value</b>: 266</p><blockquote><p><b>url</b></p><a href=\"StructureDefinition-numberOfFractions.html\">Number of Fractions</a></blockquote><p><b>value</b>: 16</p><blockquote><p><b>url</b></p><code>totalDose</code></blockquote><p><b>value</b>: 4256</p></blockquote><blockquote><p><b>Dose To Volume</b></p><blockquote><p><b>url</b></p><code>volume</code></blockquote><p><b>value</b>: <a href=\"BodyStructure-fhir-osiris-example-RadiotherapyVolume-3.html\">BodyStructure/fhir-osiris-example-RadiotherapyVolume-3</a></p><blockquote><p><b>url</b></p><code>fractionDose</code></blockquote><p><b>value</b>: 266</p><blockquote><p><b>url</b></p><a href=\"StructureDefinition-numberOfFractions.html\">Number of Fractions</a></blockquote><p><b>value</b>: 16</p><blockquote><p><b>url</b></p><code>totalDose</code></blockquote><p><b>value</b>: 4256</p></blockquote><blockquote><p><b>Energy Or Isotope</b></p><blockquote><p><b>url</b></p><code>quantityEnergyOrIsotope</code></blockquote><p><b>value</b>: 999999</p><blockquote><p><b>url</b></p><code>nameEnergyOrIsotope</code></blockquote><p><b>value</b>: Unknown</p></blockquote><p><b>identifier</b>: MR/Unknown</p><p><b>partOf</b>: <a href=\"Procedure-fhir-osiris-example-RadiotherapyPhase-1.html\">Procedure/fhir-osiris-example-RadiotherapyPhase-1</a></p><p><b>status</b>: completed</p><p><b>category</b>: Planified <span style=\"background: LightGoldenRodYellow; margin: 4px; border: 1px solid khaki\"> (<a href=\"CodeSystem-RadiotherapyCS.html\">Radiotherapy Code System</a>#Planned)</span></p><p><b>code</b>: Radiotherapy treatment plan (regime/therapy) <span style=\"background: LightGoldenRodYellow; margin: 4px; border: 1px solid khaki\"> (<a href=\"https://browser.ihtsdotools.org/\">SNOMED CT</a>#1255724003)</span></p><p><b>subject</b>: <a href=\"Patient-L304.html\">Patient/L304</a></p><p><b>performed</b>: 2018-08-15 --&gt; 2018-11-25</p></div>"
  },
  "extension" : [{
    "url" : "https://build.fhir.org/ig/arkhn/arkhn-ig-osiris/StructureDefinition/numberOfFractions",
    "valueUnsignedInt" : 16
  },
  {
    "url" : "https://build.fhir.org/ig/arkhn/arkhn-ig-osiris/StructureDefinition/algorithmName",
    "valueString" : "Unknown"
  },
  {
    "extension" : [{
      "url" : "seriesUID",
      "valueString" : "Unknown"
    },
    {
      "url" : "rtStructUID",
      "valueReference" : {
        "reference" : "Observation/fhir-osiris-example-ROISegmentation"
      }
    }],
    "url" : "https://build.fhir.org/ig/arkhn/arkhn-ig-osiris/StructureDefinition/basedOn"
  },
  {
    "extension" : [{
      "url" : "rtDoseUID",
      "valueString" : "Unknown"
    },
    {
      "url" : "volume",
      "valueReference" : {
        "reference" : "BodyStructure/fhir-osiris-example-RadiotherapyVolume-1"
      }
    },
    {
      "url" : "fractionDose",
      "valueString" : "266"
    },
    {
      "url" : "numberOfFractions",
      "valueUnsignedInt" : 16
    },
    {
      "url" : "totalDose",
      "valueString" : "4256"
    }],
    "url" : "https://build.fhir.org/ig/arkhn/arkhn-ig-osiris/StructureDefinition/doseToVolume"
  },
  {
    "extension" : [{
      "url" : "radiotherapyModality",
      "valueCodeableConcept" : {
        "coding" : [{
          "system" : "http://snomed.info/sct",
          "code" : "1156506007"
        }]
      }
    },
    {
      "url" : "radiotherapyTechnique",
      "valueCodeableConcept" : {
        "coding" : [{
          "system" : "http://hl7.org/fhir/us/mcode/CodeSystem/snomed-requested-cs",
          "code" : "1162782007"
        }]
      }
    },
    {
      "url" : "radiotherapyTreatmentMachinePlanned",
      "valueString" : "Unknown"
    }],
    "url" : "https://build.fhir.org/ig/arkhn/arkhn-ig-osiris/StructureDefinition/modalityAndTechnique"
  },
  {
    "extension" : [{
      "url" : "volume",
      "valueReference" : {
        "reference" : "BodyStructure/fhir-osiris-example-RadiotherapyVolume-2"
      }
    },
    {
      "url" : "fractionDose",
      "valueString" : "266"
    },
    {
      "url" : "numberOfFractions",
      "valueUnsignedInt" : 16
    },
    {
      "url" : "totalDose",
      "valueString" : "4256"
    }],
    "url" : "https://build.fhir.org/ig/arkhn/arkhn-ig-osiris/StructureDefinition/doseToVolume"
  },
  {
    "extension" : [{
      "url" : "volume",
      "valueReference" : {
        "reference" : "BodyStructure/fhir-osiris-example-RadiotherapyVolume-3"
      }
    },
    {
      "url" : "fractionDose",
      "valueString" : "266"
    },
    {
      "url" : "numberOfFractions",
      "valueUnsignedInt" : 16
    },
    {
      "url" : "totalDose",
      "valueString" : "4256"
    }],
    "url" : "https://build.fhir.org/ig/arkhn/arkhn-ig-osiris/StructureDefinition/doseToVolume"
  },
  {
    "extension" : [{
      "url" : "quantityEnergyOrIsotope",
      "valueQuantity" : {
        "value" : 999999
      }
    },
    {
      "url" : "nameEnergyOrIsotope",
      "valueString" : "Unknown"
    }],
    "url" : "https://build.fhir.org/ig/arkhn/arkhn-ig-osiris/StructureDefinition/energyOrIsotope"
  }],
  "identifier" : [{
    "type" : {
      "coding" : [{
        "code" : "MR"
      }]
    },
    "value" : "Unknown"
  }],
  "partOf" : [{
    "reference" : "Procedure/fhir-osiris-example-RadiotherapyPhase-1"
  }],
  "status" : "completed",
  "category" : {
    "coding" : [{
      "system" : "https://build.fhir.org/ig/arkhn/arkhn-ig-osiris/CodeSystem/RadiotherapyCS",
      "code" : "Planned"
    }]
  },
  "code" : {
    "coding" : [{
      "system" : "http://snomed.info/sct",
      "code" : "1255724003"
    }]
  },
  "subject" : {
    "reference" : "Patient/L304"
  },
  "performedPeriod" : {
    "start" : "2018-08-15",
    "end" : "2018-11-25"
  }
}