{
  "resourceType" : "ValueSet",
  "id" : "CytoBand",
  "text" : {
    "status" : "generated",
    "div" : "<div xmlns=\"http://www.w3.org/1999/xhtml\"><p>This value set includes codes based on the following rules:</p><ul><li>Include all codes defined in <code>http://genome.ucsc.edu/</code></li><li>Include these codes as defined in <a href=\"http://terminology.hl7.org/5.3.0/CodeSystem-umls.html\"><code>http://terminology.hl7.org/CodeSystem/umls</code></a><table class=\"none\"><tr><td style=\"white-space:nowrap\"><b>Code</b></td><td><b>Display</b></td></tr><tr><td>C0439673</td><td>Unknown</td></tr></table></li></ul></div>"
  },
  "url" : "https://build.fhir.org/ig/arkhn/arkhn-ig-osiris/ValueSet/CytoBand",
  "version" : "2.1.0",
  "name" : "CytoBand",
  "title" : "CytoBand Value Set",
  "status" : "draft",
  "date" : "2024-03-21T14:32:00+00:00",
  "publisher" : "Arkhn",
  "contact" : [{
    "name" : "Arkhn",
    "telecom" : [{
      "system" : "url",
      "value" : "http://arkhn.com"
    },
    {
      "system" : "email",
      "value" : "contact@arkhn.com"
    }]
  },
  {
    "name" : "Nicolas Riss",
    "telecom" : [{
      "system" : "email",
      "value" : "nicolas@arkhn.com"
    }]
  }],
  "description" : "CytoBand",
  "compose" : {
    "include" : [{
      "system" : "http://genome.ucsc.edu/"
    },
    {
      "system" : "http://terminology.hl7.org/CodeSystem/umls",
      "concept" : [{
        "code" : "C0439673",
        "display" : "Unknown"
      }]
    }]
  }
}