{
  "resourceType" : "ValueSet",
  "id" : "AdverseEventGrade",
  "text" : {
    "status" : "generated",
    "div" : "<div xmlns=\"http://www.w3.org/1999/xhtml\"><p>This value set includes codes based on the following rules:</p><ul><li>Include these codes as defined in <code>https://ctep.cancer.gov/protocoldevelopment/electronic_applications/docs/CTCAE_v5_Quick_Reference_8.5x11.pdf</code> version <code>&quot;5.0&quot;</code><table class=\"none\"><tr><td style=\"white-space:nowrap\"><b>Code</b></td><td><b>Display</b></td></tr><tr><td>1</td><td>Mild; asymptomatic or mild symptoms; clinical or diagnostic observations only; intervention not indicated.</td></tr><tr><td>2</td><td>Moderate; minimal, local or noninvasive intervention indicated; limiting ageappropriate instrumental ADL.</td></tr><tr><td>3</td><td>Severe or medically significant but not immediately life-threatening; hospitalization or prolongation of hospitalization indicated; disabling; limiting self care ADL</td></tr><tr><td>4</td><td>Life-threatening consequences; urgent intervention indicated.</td></tr><tr><td>5</td><td>Death related to AE.</td></tr></table></li><li>Include these codes as defined in <a href=\"http://terminology.hl7.org/5.3.0/CodeSystem-umls.html\"><code>http://terminology.hl7.org/CodeSystem/umls</code></a><table class=\"none\"><tr><td style=\"white-space:nowrap\"><b>Code</b></td><td><b>Display</b></td></tr><tr><td>C0439673</td><td>Unknown</td></tr></table></li></ul></div>"
  },
  "url" : "https://build.fhir.org/ig/arkhn/arkhn-ig-osiris/ValueSet/AdverseEventGrade",
  "version" : "2.1.0",
  "name" : "AdverseEventGrade",
  "title" : "Adverse Event Grade Value Set",
  "status" : "draft",
  "date" : "2024-03-21T14:32:00+00:00",
  "publisher" : "Arkhn",
  "contact" : [{
    "name" : "Arkhn",
    "telecom" : [{
      "system" : "url",
      "value" : "http://arkhn.com"
    },
    {
      "system" : "email",
      "value" : "contact@arkhn.com"
    }]
  },
  {
    "name" : "Nicolas Riss",
    "telecom" : [{
      "system" : "email",
      "value" : "nicolas@arkhn.com"
    }]
  }],
  "description" : "Adverse event grade",
  "compose" : {
    "include" : [{
      "system" : "https://ctep.cancer.gov/protocoldevelopment/electronic_applications/docs/CTCAE_v5_Quick_Reference_8.5x11.pdf",
      "version" : "\"5.0\"",
      "concept" : [{
        "code" : "1",
        "display" : "Mild; asymptomatic or mild symptoms; clinical or diagnostic observations only; intervention not indicated."
      },
      {
        "code" : "2",
        "display" : "Moderate; minimal, local or noninvasive intervention indicated; limiting ageappropriate instrumental ADL."
      },
      {
        "code" : "3",
        "display" : "Severe or medically significant but not immediately life-threatening; hospitalization or prolongation of hospitalization indicated; disabling; limiting self care ADL"
      },
      {
        "code" : "4",
        "display" : "Life-threatening consequences; urgent intervention indicated."
      },
      {
        "code" : "5",
        "display" : "Death related to AE."
      }]
    },
    {
      "system" : "http://terminology.hl7.org/CodeSystem/umls",
      "concept" : [{
        "code" : "C0439673",
        "display" : "Unknown"
      }]
    }]
  }
}