{
  "resourceType" : "ValueSet",
  "id" : "ReferenceType",
  "text" : {
    "status" : "generated",
    "div" : "<div xmlns=\"http://www.w3.org/1999/xhtml\"><p>This value set includes codes based on the following rules:</p><ul><li>Include these codes as defined in <code>https://github.com/siric-osiris/OSIRIS</code><table class=\"none\"><tr><td style=\"white-space:nowrap\"><b>Code</b></td><td><b>Display</b></td></tr><tr><td>O90-1</td><td>Fusion transcript</td></tr><tr><td>O90-3</td><td>Population frequency</td></tr><tr><td>O90-4</td><td>Protein reference</td></tr><tr><td>O90-5</td><td>Transcript reference</td></tr><tr><td>O90-6</td><td>Variant id</td></tr></table></li><li>Include these codes as defined in <a href=\"http://terminology.hl7.org/5.3.0/CodeSystem-umls.html\"><code>http://terminology.hl7.org/CodeSystem/umls</code></a><table class=\"none\"><tr><td style=\"white-space:nowrap\"><b>Code</b></td><td><b>Display</b></td></tr><tr><td>C0439673</td><td>Unknown</td></tr></table></li></ul></div>"
  },
  "url" : "https://build.fhir.org/ig/arkhn/arkhn-ig-osiris/ValueSet/ReferenceType",
  "version" : "2.1.0",
  "name" : "ReferenceType",
  "title" : "Reference Type Value Set",
  "status" : "draft",
  "date" : "2024-03-21T14:32:00+00:00",
  "publisher" : "Arkhn",
  "contact" : [{
    "name" : "Arkhn",
    "telecom" : [{
      "system" : "url",
      "value" : "http://arkhn.com"
    },
    {
      "system" : "email",
      "value" : "contact@arkhn.com"
    }]
  },
  {
    "name" : "Nicolas Riss",
    "telecom" : [{
      "system" : "email",
      "value" : "nicolas@arkhn.com"
    }]
  }],
  "description" : "Annotation reference type",
  "compose" : {
    "include" : [{
      "system" : "https://github.com/siric-osiris/OSIRIS",
      "concept" : [{
        "code" : "O90-1",
        "display" : "Fusion transcript"
      },
      {
        "code" : "O90-3",
        "display" : "Population frequency"
      },
      {
        "code" : "O90-4",
        "display" : "Protein reference"
      },
      {
        "code" : "O90-5",
        "display" : "Transcript reference"
      },
      {
        "code" : "O90-6",
        "display" : "Variant id"
      }]
    },
    {
      "system" : "http://terminology.hl7.org/CodeSystem/umls",
      "concept" : [{
        "code" : "C0439673",
        "display" : "Unknown"
      }]
    }]
  }
}