{
  "resourceType" : "ValueSet",
  "id" : "DNAChangeType",
  "text" : {
    "status" : "generated",
    "div" : "<div xmlns=\"http://www.w3.org/1999/xhtml\"><p>This value set includes codes based on the following rules:</p><ul><li>Include these codes as defined in <a href=\"http://loinc.org\"><code>http://loinc.org</code></a><table class=\"none\"><tr><td style=\"white-space:nowrap\"><b>Code</b></td><td><b>Display</b></td></tr><tr><td><a href=\"https://loinc.org/LA6692-3/\">LA6692-3</a></td><td>Deletion</td></tr><tr><td><a href=\"https://loinc.org/LA6686-5/\">LA6686-5</a></td><td>Duplication</td></tr><tr><td><a href=\"https://loinc.org/LA6687-3/\">LA6687-3</a></td><td>Insertion</td></tr><tr><td><a href=\"https://loinc.org/LA6688-1/\">LA6688-1</a></td><td>Insertion/Deletion (indel)</td></tr><tr><td><a href=\"https://loinc.org/LA6689-9/\">LA6689-9</a></td><td>Inversion</td></tr><tr><td><a href=\"https://loinc.org/LA6690-7/\">LA6690-7</a></td><td>Substitution</td></tr></table></li><li>Include these codes as defined in <code>https://github.com/siric-osiris/OSIRIS</code><table class=\"none\"><tr><td style=\"white-space:nowrap\"><b>Code</b></td><td><b>Display</b></td></tr><tr><td>O55-1</td><td>Virus insertion site</td></tr><tr><td>O55-2</td><td>Delins</td></tr></table></li></ul></div>"
  },
  "url" : "https://build.fhir.org/ig/arkhn/arkhn-ig-osiris/ValueSet/DNAChangeType",
  "version" : "2.1.0",
  "name" : "DNAChangeType",
  "title" : "DNA Change Type Value Set",
  "status" : "draft",
  "date" : "2024-03-21T14:32:00+00:00",
  "publisher" : "Arkhn",
  "contact" : [{
    "name" : "Arkhn",
    "telecom" : [{
      "system" : "url",
      "value" : "http://arkhn.com"
    },
    {
      "system" : "email",
      "value" : "contact@arkhn.com"
    }]
  },
  {
    "name" : "Nicolas Riss",
    "telecom" : [{
      "system" : "email",
      "value" : "nicolas@arkhn.com"
    }]
  }],
  "description" : "DNAChangeType",
  "compose" : {
    "include" : [{
      "system" : "http://loinc.org",
      "concept" : [{
        "code" : "LA6692-3",
        "display" : "Deletion"
      },
      {
        "code" : "LA6686-5",
        "display" : "Duplication"
      },
      {
        "code" : "LA6687-3",
        "display" : "Insertion"
      },
      {
        "code" : "LA6688-1",
        "display" : "Insertion/Deletion (indel)"
      },
      {
        "code" : "LA6689-9",
        "display" : "Inversion"
      },
      {
        "code" : "LA6690-7",
        "display" : "Substitution"
      }]
    },
    {
      "system" : "https://github.com/siric-osiris/OSIRIS",
      "concept" : [{
        "code" : "O55-1",
        "display" : "Virus insertion site"
      },
      {
        "code" : "O55-2",
        "display" : "Delins"
      }]
    }]
  }
}