<?xml version="1.0" encoding="UTF-8"?><CodeSystem xmlns="http://hl7.org/fhir"><id value="RadiotherapyCS"/><text><status value="generated"/><div xmlns="http://www.w3.org/1999/xhtml"><p>This  code system <code>https://build.fhir.org/ig/arkhn/arkhn-ig-osiris/CodeSystem/RadiotherapyCS</code> defines the following codes:</p><table class="codes"><tr><td style="white-space:nowrap"><b>Code</b></td><td><b>Display</b></td></tr><tr><td style="white-space:nowrap">Planned<a name="RadiotherapyCS-Planned"> </a></td><td>Planified</td></tr><tr><td style="white-space:nowrap">Delivered<a name="RadiotherapyCS-Delivered"> </a></td><td>Delivered</td></tr></table></div></text><url value="https://build.fhir.org/ig/arkhn/arkhn-ig-osiris/CodeSystem/RadiotherapyCS"/><version value="2.1.0"/><name value="RadiotherapyCS"/><title value="Radiotherapy Code System"/><status value="draft"/><date value="2024-03-21T14:32:00+00:00"/><publisher value="Arkhn"/><contact><name value="Arkhn"/><telecom><system value="url"/><value value="http://arkhn.com"/></telecom><telecom><system value="email"/><value value="contact@arkhn.com"/></telecom></contact><contact><name value="Nicolas Riss"/><telecom><system value="email"/><value value="nicolas@arkhn.com"/></telecom></contact><description value="Radiotherapy Code System"/><content value="complete"/><count value="2"/><concept><code value="Planned"/><display value="Planified"/></concept><concept><code value="Delivered"/><display value="Delivered"/></concept></CodeSystem>