<?xml version="1.0" encoding="UTF-8"?><ValueSet xmlns="http://hl7.org/fhir"><id value="TumorPathologyEventType"/><text><status value="generated"/><div xmlns="http://www.w3.org/1999/xhtml"><ul><li>Include these codes as defined in <a href="http://terminology.hl7.org/5.3.0/CodeSystem-umls.html"><code>http://terminology.hl7.org/CodeSystem/umls</code></a><table class="none"><tr><td style="white-space:nowrap"><b>Code</b></td><td><b>Display</b></td></tr><tr><td>C1882062</td><td>Neoplasm</td></tr><tr><td>C2939419</td><td>Metastatic Malignant Neoplasm (NCI:C36263)</td></tr><tr><td>C0521158</td><td>Recurrent tumor</td></tr><tr><td>C0677930</td><td>Primary tumor</td></tr><tr><td>C0439673</td><td>Unknown</td></tr></table></li></ul></div></text><url value="https://build.fhir.org/ig/arkhn/arkhn-ig-osiris/ValueSet/TumorPathologyEventType"/><version value="2.1.0"/><name value="TumorPathologyEventType"/><title value="Tumor Pathology Event Type Value Set"/><status value="draft"/><date value="2024-03-21T14:34:32+00:00"/><publisher value="Arkhn"/><contact><name value="Arkhn"/><telecom><system value="url"/><value value="http://arkhn.com"/></telecom><telecom><system value="email"/><value value="contact@arkhn.com"/></telecom></contact><contact><name value="Nicolas Riss"/><telecom><system value="email"/><value value="nicolas@arkhn.com"/></telecom></contact><description value="Tumor pathology event type"/><compose><include><system value="http://terminology.hl7.org/CodeSystem/umls"/><concept><code value="C1882062"/><display value="Neoplasm"/></concept><concept><code value="C2939419"/><display value="Metastatic Malignant Neoplasm (NCI:C36263)"/></concept><concept><code value="C0521158"/><display value="Recurrent tumor"/></concept><concept><code value="C0677930"/><display value="Primary tumor"/></concept><concept><code value="C0439673"/><display value="Unknown"/></concept></include></compose></ValueSet>