<?xml version="1.0" encoding="UTF-8"?><ValueSet xmlns="http://hl7.org/fhir"><id value="PanelName"/><text><status value="generated"/><div xmlns="http://www.w3.org/1999/xhtml"><p>This value set includes codes based on the following rules:</p><ul><li>Include these codes as defined in <code>https://github.com/siric-osiris/OSIRIS</code><table class="none"><tr><td style="white-space:nowrap"><b>Code</b></td><td><b>Display</b></td></tr><tr><td>O10-1</td><td>Ion AmpliSeq Cancer Hotspot Panel v2</td></tr><tr><td>O10-2</td><td>Ion AmpliSeq Colon and Lung Cancer Research Panel v2</td></tr><tr><td>O10-3</td><td>Ion AmpliSeq Comprehensive Cancer Panel</td></tr><tr><td>O10-4</td><td>Ion AmpliSeq Oncomine Comprehensive Assay</td></tr><tr><td>O10-5</td><td>Ion AmpliSeq Oncomine Focus Assay</td></tr><tr><td>O10-6</td><td>Ion AmpliSeq TP53 Research Panel</td></tr><tr><td>O10-7</td><td>Lyric: Ion AmpliSeq Profiler</td></tr><tr><td>O10-8</td><td>QIAGEN GeneRead DNAseq Targeted Panels V2</td></tr><tr><td>O10-9</td><td>SAFIR02 Panel</td></tr><tr><td>O10-10</td><td>Mosc3</td></tr><tr><td>010-OTH</td><td>Other</td></tr></table></li><li>Include these codes as defined in <a href="http://terminology.hl7.org/5.3.0/CodeSystem-umls.html"><code>http://terminology.hl7.org/CodeSystem/umls</code></a><table class="none"><tr><td style="white-space:nowrap"><b>Code</b></td><td><b>Display</b></td></tr><tr><td>C1272460</td><td>Not applicable</td></tr><tr><td>C0439673</td><td>Unknown</td></tr></table></li></ul></div></text><url value="https://build.fhir.org/ig/arkhn/arkhn-ig-osiris/ValueSet/PanelName"/><version value="2.1.0"/><name value="PanelName"/><title value="Panel Name"/><status value="draft"/><date value="2024-03-21T14:32:00+00:00"/><publisher value="Arkhn"/><contact><name value="Arkhn"/><telecom><system value="url"/><value value="http://arkhn.com"/></telecom><telecom><system value="email"/><value value="contact@arkhn.com"/></telecom></contact><contact><name value="Nicolas Riss"/><telecom><system value="email"/><value value="nicolas@arkhn.com"/></telecom></contact><description value="Panel Name"/><compose><include><system value="https://github.com/siric-osiris/OSIRIS"/><concept><code value="O10-1"/><display value="Ion AmpliSeq Cancer Hotspot Panel v2"/></concept><concept><code value="O10-2"/><display value="Ion AmpliSeq Colon and Lung Cancer Research Panel v2"/></concept><concept><code value="O10-3"/><display value="Ion AmpliSeq Comprehensive Cancer Panel"/></concept><concept><code value="O10-4"/><display value="Ion AmpliSeq Oncomine Comprehensive Assay"/></concept><concept><code value="O10-5"/><display value="Ion AmpliSeq Oncomine Focus Assay"/></concept><concept><code value="O10-6"/><display value="Ion AmpliSeq TP53 Research Panel"/></concept><concept><code value="O10-7"/><display value="Lyric: Ion AmpliSeq Profiler"/></concept><concept><code value="O10-8"/><display value="QIAGEN GeneRead DNAseq Targeted Panels V2"/></concept><concept><code value="O10-9"/><display value="SAFIR02 Panel"/></concept><concept><code value="O10-10"/><display value="Mosc3"/></concept><concept><code value="010-OTH"/><display value="Other"/></concept></include><include><system value="http://terminology.hl7.org/CodeSystem/umls"/><concept><code value="C1272460"/><display value="Not applicable"/></concept><concept><code value="C0439673"/><display value="Unknown"/></concept></include></compose></ValueSet>