<?xml version="1.0" encoding="UTF-8"?><ValueSet xmlns="http://hl7.org/fhir"><id value="VitalStatus"/><text><status value="generated"/><div xmlns="http://www.w3.org/1999/xhtml"><ul><li>Include these codes as defined in <a href="http://terminology.hl7.org/5.3.0/CodeSystem-umls.html"><code>http://terminology.hl7.org/CodeSystem/umls</code></a><table class="none"><tr><td style="white-space:nowrap"><b>Code</b></td><td><b>Display</b></td></tr><tr><td>C2584946</td><td>Alive (finding)</td></tr><tr><td>C1546956</td><td>Patient Outcome - Died</td></tr><tr><td>C0439673</td><td>Unknown</td></tr></table></li></ul></div></text><url value="https://build.fhir.org/ig/arkhn/arkhn-ig-osiris/ValueSet/VitalStatus"/><version value="2.1.0"/><name value="VitalStatus"/><title value="Vital Status Value Set"/><status value="draft"/><date value="2024-03-21T14:32:00+00:00"/><publisher value="Arkhn"/><contact><name value="Arkhn"/><telecom><system value="url"/><value value="http://arkhn.com"/></telecom><telecom><system value="email"/><value value="contact@arkhn.com"/></telecom></contact><contact><name value="Nicolas Riss"/><telecom><system value="email"/><value value="nicolas@arkhn.com"/></telecom></contact><description value="Vital status"/><compose><include><system value="http://terminology.hl7.org/CodeSystem/umls"/><concept><code value="C2584946"/><display value="Alive (finding)"/></concept><concept><code value="C1546956"/><display value="Patient Outcome - Died"/></concept><concept><code value="C0439673"/><display value="Unknown"/></concept></include></compose></ValueSet>