<?xml version="1.0" encoding="UTF-8"?><ValueSet xmlns="http://hl7.org/fhir"><id value="VSBodySite"/><text><status value="generated"/><div xmlns="http://www.w3.org/1999/xhtml"><ul><li>Include these codes as defined in <a href="http://www.snomed.org/"><code>http://snomed.info/sct</code></a><table class="none"><tr><td style="white-space:nowrap"><b>Code</b></td><td><b>Display</b></td></tr><tr><td><a href="CodeSystem-SnomedCS.html#SnomedCS-13881006">13881006</a></td><td>Zygoma</td></tr><tr><td><a href="CodeSystem-SnomedCS.html#SnomedCS-74670003">74670003</a></td><td>Wrist joint</td></tr><tr><td><a href="CodeSystem-SnomedCS.html#SnomedCS-38266002">38266002</a></td><td>Entire body</td></tr><tr><td><a href="CodeSystem-SnomedCS.html#SnomedCS-45292006">45292006</a></td><td>Vulva</td></tr><tr><td><a href="CodeSystem-SnomedCS.html#SnomedCS-85234005">85234005</a></td><td>Vertebral artery</td></tr><tr><td><a href="CodeSystem-SnomedCS.html#SnomedCS-76784001">76784001</a></td><td>Vagina</td></tr><tr><td><a href="CodeSystem-SnomedCS.html#SnomedCS-35039007">35039007</a></td><td>Uterus</td></tr><tr><td><a href="CodeSystem-SnomedCS.html#SnomedCS-13648007">13648007</a></td><td>Urethra</td></tr><tr><td><a href="CodeSystem-SnomedCS.html#SnomedCS-87953007">87953007</a></td><td>Ureter</td></tr><tr><td><a href="CodeSystem-SnomedCS.html#SnomedCS-431491007">431491007</a></td><td>Upper urinary tract</td></tr><tr><td><a href="CodeSystem-SnomedCS.html#SnomedCS-53120007">53120007</a></td><td>Upper limb</td></tr><tr><td><a href="CodeSystem-SnomedCS.html#SnomedCS-40983000">40983000</a></td><td>Upper arm</td></tr><tr><td><a href="CodeSystem-SnomedCS.html#SnomedCS-284639000">284639000</a></td><td>Umbilical vein</td></tr><tr><td><a href="CodeSystem-SnomedCS.html#SnomedCS-50536004">50536004</a></td><td>Umbilical artery</td></tr><tr><td><a href="CodeSystem-SnomedCS.html#SnomedCS-90290004">90290004</a></td><td>Umbilical region</td></tr><tr><td><a href="CodeSystem-SnomedCS.html#SnomedCS-44984001">44984001</a></td><td>Ulnar artery</td></tr><tr><td><a href="CodeSystem-SnomedCS.html#SnomedCS-23416004">23416004</a></td><td>Ulna</td></tr><tr><td><a href="CodeSystem-SnomedCS.html#SnomedCS-122495006">122495006</a></td><td>Thoracic spine</td></tr><tr><td><a href="CodeSystem-SnomedCS.html#SnomedCS-485005">485005</a></td><td>Transverse colon</td></tr><tr><td><a href="CodeSystem-SnomedCS.html#SnomedCS-110726009">110726009</a></td><td>Trachea and bronchus</td></tr><tr><td><a href="CodeSystem-SnomedCS.html#SnomedCS-44567001">44567001</a></td><td>Trachea</td></tr><tr><td><a href="CodeSystem-SnomedCS.html#SnomedCS-21974007">21974007</a></td><td>Tongue</td></tr><tr><td><a href="CodeSystem-SnomedCS.html#SnomedCS-29707007">29707007</a></td><td>Toe</td></tr><tr><td><a href="CodeSystem-SnomedCS.html#SnomedCS-53620006">53620006</a></td><td>Temporomandibular joint</td></tr><tr><td><a href="CodeSystem-SnomedCS.html#SnomedCS-1217256009">1217256009</a></td><td>Thoraco-lumbar spine</td></tr><tr><td><a href="CodeSystem-SnomedCS.html#SnomedCS-110536004">110536004</a></td><td>Tibia and fibula</td></tr><tr><td><a href="CodeSystem-SnomedCS.html#SnomedCS-12611008">12611008</a></td><td>Tibia</td></tr><tr><td><a href="CodeSystem-SnomedCS.html#SnomedCS-69748006">69748006</a></td><td>Thyroid</td></tr><tr><td><a href="CodeSystem-SnomedCS.html#SnomedCS-9875009">9875009</a></td><td>Thymus</td></tr><tr><td><a href="CodeSystem-SnomedCS.html#SnomedCS-76505004">76505004</a></td><td>Thumb</td></tr><tr><td><a href="CodeSystem-SnomedCS.html#SnomedCS-43799004">43799004</a></td><td>Thorax</td></tr><tr><td><a href="CodeSystem-SnomedCS.html#SnomedCS-113262008">113262008</a></td><td>Thoracic aorta</td></tr><tr><td><a href="CodeSystem-SnomedCS.html#SnomedCS-68367000">68367000</a></td><td>Thigh</td></tr><tr><td><a href="CodeSystem-SnomedCS.html#SnomedCS-42695009">42695009</a></td><td>Thalamus</td></tr><tr><td><a href="CodeSystem-SnomedCS.html#SnomedCS-40689003">40689003</a></td><td>Testis</td></tr><tr><td><a href="CodeSystem-SnomedCS.html#SnomedCS-48345005">48345005</a></td><td>Superior vena cava</td></tr><tr><td><a href="CodeSystem-SnomedCS.html#SnomedCS-72021004">72021004</a></td><td>Superior thyroid artery</td></tr><tr><td><a href="CodeSystem-SnomedCS.html#SnomedCS-11708003">11708003</a></td><td>Pubic region</td></tr><tr><td><a href="CodeSystem-SnomedCS.html#SnomedCS-77621008">77621008</a></td><td>Supraclavicular region of neck</td></tr><tr><td><a href="CodeSystem-SnomedCS.html#SnomedCS-54019009">54019009</a></td><td>Submandibular gland</td></tr><tr><td><a href="CodeSystem-SnomedCS.html#SnomedCS-19695001">19695001</a></td><td>Subcostal</td></tr><tr><td><a href="CodeSystem-SnomedCS.html#SnomedCS-9454009">9454009</a></td><td>Subclavian vein</td></tr><tr><td><a href="CodeSystem-SnomedCS.html#SnomedCS-36765005">36765005</a></td><td>Subclavian artery</td></tr><tr><td><a href="CodeSystem-SnomedCS.html#SnomedCS-69695003">69695003</a></td><td>Stomach</td></tr><tr><td><a href="CodeSystem-SnomedCS.html#SnomedCS-56873002">56873002</a></td><td>Sternum</td></tr><tr><td><a href="CodeSystem-SnomedCS.html#SnomedCS-54735007">54735007</a></td><td>Sacrum</td></tr><tr><td><a href="CodeSystem-SnomedCS.html#SnomedCS-35819009">35819009</a></td><td>Splenic vein</td></tr><tr><td><a href="CodeSystem-SnomedCS.html#SnomedCS-22083002">22083002</a></td><td>Splenic artery</td></tr><tr><td><a href="CodeSystem-SnomedCS.html#SnomedCS-78961009">78961009</a></td><td>Spleen</td></tr><tr><td><a href="CodeSystem-SnomedCS.html#SnomedCS-421060004">421060004</a></td><td>Spine</td></tr><tr><td><a href="CodeSystem-SnomedCS.html#SnomedCS-2748008">2748008</a></td><td>Spinal cord</td></tr><tr><td><a href="CodeSystem-SnomedCS.html#SnomedCS-30315005">30315005</a></td><td>Small intestine</td></tr><tr><td><a href="CodeSystem-SnomedCS.html#SnomedCS-42258001">42258001</a></td><td>Superior mesenteric artery</td></tr><tr><td><a href="CodeSystem-SnomedCS.html#SnomedCS-89546000">89546000</a></td><td>Skull</td></tr><tr><td><a href="CodeSystem-SnomedCS.html#SnomedCS-39723000">39723000</a></td><td>Sacroiliac joint</td></tr><tr><td><a href="CodeSystem-SnomedCS.html#SnomedCS-60184004">60184004</a></td><td>Sigmoid colon</td></tr><tr><td><a href="CodeSystem-SnomedCS.html#SnomedCS-16982005">16982005</a></td><td>Shoulder</td></tr><tr><td><a href="CodeSystem-SnomedCS.html#SnomedCS-397364003">397364003</a></td><td>Superficial femoral vein</td></tr><tr><td><a href="CodeSystem-SnomedCS.html#SnomedCS-128587003">128587003</a></td><td>Saphenofemoral junction</td></tr><tr><td><a href="CodeSystem-SnomedCS.html#SnomedCS-181349008">181349008</a></td><td>Superficial femoral artery</td></tr><tr><td><a href="CodeSystem-SnomedCS.html#SnomedCS-58742003">58742003</a></td><td>Sesamoid bones of foot</td></tr><tr><td><a href="CodeSystem-SnomedCS.html#SnomedCS-64739004">64739004</a></td><td>Seminal vesicle</td></tr><tr><td><a href="CodeSystem-SnomedCS.html#SnomedCS-42575006">42575006</a></td><td>Sella turcica</td></tr><tr><td><a href="CodeSystem-SnomedCS.html#SnomedCS-20233005">20233005</a></td><td>Scrotum</td></tr><tr><td><a href="CodeSystem-SnomedCS.html#SnomedCS-18619003">18619003</a></td><td>Sclera</td></tr><tr><td><a href="CodeSystem-SnomedCS.html#SnomedCS-7844006">7844006</a></td><td>Sternoclavicular joint</td></tr><tr><td><a href="CodeSystem-SnomedCS.html#SnomedCS-79601000">79601000</a></td><td>Scapula</td></tr><tr><td><a href="CodeSystem-SnomedCS.html#SnomedCS-41695006">41695006</a></td><td>Scalp</td></tr><tr><td><a href="CodeSystem-SnomedCS.html#SnomedCS-362072009">362072009</a></td><td>Saphenous vein</td></tr><tr><td><a href="CodeSystem-SnomedCS.html#SnomedCS-53085002">53085002</a></td><td>Right ventricle</td></tr><tr><td><a href="CodeSystem-SnomedCS.html#SnomedCS-50519007">50519007</a></td><td>Right upper quadrant of abdomen</td></tr><tr><td><a href="CodeSystem-SnomedCS.html#SnomedCS-8629005">8629005</a></td><td>Superior right pulmonary vein</td></tr><tr><td><a href="CodeSystem-SnomedCS.html#SnomedCS-78480002">78480002</a></td><td>Right pulmonary artery</td></tr><tr><td><a href="CodeSystem-SnomedCS.html#SnomedCS-73931004">73931004</a></td><td>Right portal vein</td></tr><tr><td><a href="CodeSystem-SnomedCS.html#SnomedCS-1017211000">1017211000</a></td><td>Right lumbar region</td></tr><tr><td><a href="CodeSystem-SnomedCS.html#SnomedCS-48544008">48544008</a></td><td>Right lower quadrant of abdomen</td></tr><tr><td><a href="CodeSystem-SnomedCS.html#SnomedCS-37117007">37117007</a></td><td>Right inguinal region</td></tr><tr><td><a href="CodeSystem-SnomedCS.html#SnomedCS-113197003">113197003</a></td><td>Rib</td></tr><tr><td><a href="CodeSystem-SnomedCS.html#SnomedCS-133946002">133946002</a></td><td>Right hypochondriac region</td></tr><tr><td><a href="CodeSystem-SnomedCS.html#SnomedCS-272998002">272998002</a></td><td>Right hepatic vein</td></tr><tr><td><a href="CodeSystem-SnomedCS.html#SnomedCS-69833005">69833005</a></td><td>Right femoral artery</td></tr><tr><td><a href="CodeSystem-SnomedCS.html#SnomedCS-82849001">82849001</a></td><td>Retroperitoneum</td></tr><tr><td><a href="CodeSystem-SnomedCS.html#SnomedCS-56400007">56400007</a></td><td>Renal vein</td></tr><tr><td><a href="CodeSystem-SnomedCS.html#SnomedCS-2841007">2841007</a></td><td>Renal artery</td></tr><tr><td><a href="CodeSystem-SnomedCS.html#SnomedCS-34402009">34402009</a></td><td>Rectum</td></tr><tr><td><a href="CodeSystem-SnomedCS.html#SnomedCS-73829009">73829009</a></td><td>Right atrium</td></tr><tr><td><a href="CodeSystem-SnomedCS.html#SnomedCS-110535000">110535000</a></td><td>Radius and ulna</td></tr><tr><td><a href="CodeSystem-SnomedCS.html#SnomedCS-62413002">62413002</a></td><td>Radius</td></tr><tr><td><a href="CodeSystem-SnomedCS.html#SnomedCS-45631007">45631007</a></td><td>Radial artery</td></tr><tr><td><a href="CodeSystem-SnomedCS.html#SnomedCS-122972007">122972007</a></td><td>Pulmonary vein</td></tr><tr><td><a href="CodeSystem-SnomedCS.html#SnomedCS-81040000">81040000</a></td><td>Pulmonary artery</td></tr><tr><td><a href="CodeSystem-SnomedCS.html#SnomedCS-41216001">41216001</a></td><td>Prostate</td></tr><tr><td><a href="CodeSystem-SnomedCS.html#SnomedCS-23438002">23438002</a></td><td>Profunda femoris vein</td></tr><tr><td><a href="CodeSystem-SnomedCS.html#SnomedCS-31677005">31677005</a></td><td>Profunda femoris artery</td></tr><tr><td><a href="CodeSystem-SnomedCS.html#SnomedCS-13363002">13363002</a></td><td>Posterior tibial artery</td></tr><tr><td><a href="CodeSystem-SnomedCS.html#SnomedCS-43119007">43119007</a></td><td>Posterior communicating artery</td></tr><tr><td><a href="CodeSystem-SnomedCS.html#SnomedCS-32764006">32764006</a></td><td>Portal vein</td></tr><tr><td><a href="CodeSystem-SnomedCS.html#SnomedCS-56849005">56849005</a></td><td>Popliteal vein</td></tr><tr><td><a href="CodeSystem-SnomedCS.html#SnomedCS-32361000">32361000</a></td><td>Popliteal fossa</td></tr><tr><td><a href="CodeSystem-SnomedCS.html#SnomedCS-43899006">43899006</a></td><td>Popliteal artery</td></tr><tr><td><a href="CodeSystem-SnomedCS.html#SnomedCS-78067005">78067005</a></td><td>Placenta</td></tr><tr><td><a href="CodeSystem-SnomedCS.html#SnomedCS-312535008">312535008</a></td><td>Pharynx and larynx</td></tr><tr><td><a href="CodeSystem-SnomedCS.html#SnomedCS-54066008">54066008</a></td><td>Pharynx</td></tr><tr><td><a href="CodeSystem-SnomedCS.html#SnomedCS-706342009">706342009</a></td><td>Phantom</td></tr><tr><td><a href="CodeSystem-SnomedCS.html#SnomedCS-8821006">8821006</a></td><td>Peroneal artery</td></tr><tr><td><a href="CodeSystem-SnomedCS.html#SnomedCS-38864007">38864007</a></td><td>Perineum</td></tr><tr><td><a href="CodeSystem-SnomedCS.html#SnomedCS-18911002">18911002</a></td><td>Penis</td></tr><tr><td><a href="CodeSystem-SnomedCS.html#SnomedCS-282044005">282044005</a></td><td>Penile artery</td></tr><tr><td><a href="CodeSystem-SnomedCS.html#SnomedCS-1231522001">1231522001</a></td><td>Pelvis and lower extremities</td></tr><tr><td><a href="CodeSystem-SnomedCS.html#SnomedCS-816092008">816092008</a></td><td>Pelvis</td></tr><tr><td><a href="CodeSystem-SnomedCS.html#SnomedCS-70382005">70382005</a></td><td>Posterior cerebral artery</td></tr><tr><td><a href="CodeSystem-SnomedCS.html#SnomedCS-64234005">64234005</a></td><td>Patella</td></tr><tr><td><a href="CodeSystem-SnomedCS.html#SnomedCS-45289007">45289007</a></td><td>Parotid gland</td></tr><tr><td><a href="CodeSystem-SnomedCS.html#SnomedCS-111002">111002</a></td><td>Parathyroid</td></tr><tr><td><a href="CodeSystem-SnomedCS.html#SnomedCS-91691001">91691001</a></td><td>Parasternal</td></tr><tr><td><a href="CodeSystem-SnomedCS.html#SnomedCS-69930009">69930009</a></td><td>Pancreatic duct</td></tr><tr><td><a href="CodeSystem-SnomedCS.html#SnomedCS-15776009">15776009</a></td><td>Pancreas</td></tr><tr><td><a href="CodeSystem-SnomedCS.html#SnomedCS-110621006">110621006</a></td><td>Pancreatic duct and bile duct systems</td></tr><tr><td><a href="CodeSystem-SnomedCS.html#SnomedCS-15497006">15497006</a></td><td>Ovary</td></tr><tr><td><a href="CodeSystem-SnomedCS.html#SnomedCS-363654007">363654007</a></td><td>Orbital structure</td></tr><tr><td><a href="CodeSystem-SnomedCS.html#SnomedCS-55024004">55024004</a></td><td>Optic canal</td></tr><tr><td><a href="CodeSystem-SnomedCS.html#SnomedCS-53549008">53549008</a></td><td>Ophthalmic artery</td></tr><tr><td><a href="CodeSystem-SnomedCS.html#SnomedCS-31145008">31145008</a></td><td>Occipital artery</td></tr><tr><td><a href="CodeSystem-SnomedCS.html#SnomedCS-32114007">32114007</a></td><td>Occipital vein</td></tr><tr><td><a href="CodeSystem-SnomedCS.html#SnomedCS-45206002">45206002</a></td><td>Nose</td></tr><tr><td><a href="CodeSystem-SnomedCS.html#SnomedCS-416319003">416319003</a></td><td>Neck, Chest, Abdomen and Pelvis</td></tr><tr><td><a href="CodeSystem-SnomedCS.html#SnomedCS-416152001">416152001</a></td><td>Neck, Chest and Abdomen</td></tr><tr><td><a href="CodeSystem-SnomedCS.html#SnomedCS-417437006">417437006</a></td><td>Neck and Chest</td></tr><tr><td><a href="CodeSystem-SnomedCS.html#SnomedCS-45048000">45048000</a></td><td>Neck</td></tr><tr><td><a href="CodeSystem-SnomedCS.html#SnomedCS-360955006">360955006</a></td><td>Nasopharynx</td></tr><tr><td><a href="CodeSystem-SnomedCS.html#SnomedCS-123851003">123851003</a></td><td>Mouth</td></tr><tr><td><a href="CodeSystem-SnomedCS.html#SnomedCS-243977002">243977002</a></td><td>Morisons pouch</td></tr><tr><td><a href="CodeSystem-SnomedCS.html#SnomedCS-273099000">273099000</a></td><td>Middle hepatic vein</td></tr><tr><td><a href="CodeSystem-SnomedCS.html#SnomedCS-128583004">128583004</a></td><td>Mesenteric vein</td></tr><tr><td><a href="CodeSystem-SnomedCS.html#SnomedCS-86570000">86570000</a></td><td>Mesenteric artery</td></tr><tr><td><a href="CodeSystem-SnomedCS.html#SnomedCS-72410000">72410000</a></td><td>Mediastinum</td></tr><tr><td><a href="CodeSystem-SnomedCS.html#SnomedCS-17232002">17232002</a></td><td>Middle cerebral artery</td></tr><tr><td><a href="CodeSystem-SnomedCS.html#SnomedCS-70925003">70925003</a></td><td>Maxilla</td></tr><tr><td><a href="CodeSystem-SnomedCS.html#SnomedCS-59066005">59066005</a></td><td>Mastoid bone</td></tr><tr><td><a href="CodeSystem-SnomedCS.html#SnomedCS-91609006">91609006</a></td><td>Mandible</td></tr><tr><td><a href="CodeSystem-SnomedCS.html#SnomedCS-87878005">87878005</a></td><td>Left ventricle</td></tr><tr><td><a href="CodeSystem-SnomedCS.html#SnomedCS-86367003">86367003</a></td><td>Left upper quadrant of abdomen</td></tr><tr><td><a href="CodeSystem-SnomedCS.html#SnomedCS-39607008">39607008</a></td><td>Lung</td></tr><tr><td><a href="CodeSystem-SnomedCS.html#SnomedCS-91747007">91747007</a></td><td>Lumen of blood vessel</td></tr><tr><td><a href="CodeSystem-SnomedCS.html#SnomedCS-34635009">34635009</a></td><td>Lumbar artery</td></tr><tr><td><a href="CodeSystem-SnomedCS.html#SnomedCS-52612000">52612000</a></td><td>Lumbar region</td></tr><tr><td><a href="CodeSystem-SnomedCS.html#SnomedCS-43863001">43863001</a></td><td>Superior left pulmonary vein</td></tr><tr><td><a href="CodeSystem-SnomedCS.html#SnomedCS-1217253001">1217253001</a></td><td>Lumbo-sacral spine</td></tr><tr><td><a href="CodeSystem-SnomedCS.html#SnomedCS-122496007">122496007</a></td><td>Lumbar spine</td></tr><tr><td><a href="CodeSystem-SnomedCS.html#SnomedCS-50408007">50408007</a></td><td>Left pulmonary artery</td></tr><tr><td><a href="CodeSystem-SnomedCS.html#SnomedCS-70253006">70253006</a></td><td>Left portal vein</td></tr><tr><td><a href="CodeSystem-SnomedCS.html#SnomedCS-61685007">61685007</a></td><td>Lower limb</td></tr><tr><td><a href="CodeSystem-SnomedCS.html#SnomedCS-30021000">30021000</a></td><td>Lower leg</td></tr><tr><td><a href="CodeSystem-SnomedCS.html#SnomedCS-1017210004">1017210004</a></td><td>Left lumbar region</td></tr><tr><td><a href="CodeSystem-SnomedCS.html#SnomedCS-68505006">68505006</a></td><td>Left lower quadrant of abdomen</td></tr><tr><td><a href="CodeSystem-SnomedCS.html#SnomedCS-10200004">10200004</a></td><td>Liver</td></tr><tr><td><a href="CodeSystem-SnomedCS.html#SnomedCS-85119005">85119005</a></td><td>Left inguinal region</td></tr><tr><td><a href="CodeSystem-SnomedCS.html#SnomedCS-113264009">113264009</a></td><td>Lingual artery</td></tr><tr><td><a href="CodeSystem-SnomedCS.html#SnomedCS-133945003">133945003</a></td><td>Left hypochondriac region</td></tr><tr><td><a href="CodeSystem-SnomedCS.html#SnomedCS-273202007">273202007</a></td><td>Left hepatic vein</td></tr><tr><td><a href="CodeSystem-SnomedCS.html#SnomedCS-113270003">113270003</a></td><td>Left femoral artery</td></tr><tr><td><a href="CodeSystem-SnomedCS.html#SnomedCS-66720007">66720007</a></td><td>Lateral Ventricle</td></tr><tr><td><a href="CodeSystem-SnomedCS.html#SnomedCS-82471001">82471001</a></td><td>Left atrium</td></tr><tr><td><a href="CodeSystem-SnomedCS.html#SnomedCS-4596009">4596009</a></td><td>Larynx</td></tr><tr><td><a href="CodeSystem-SnomedCS.html#SnomedCS-14742008">14742008</a></td><td>Large intestine</td></tr><tr><td><a href="CodeSystem-SnomedCS.html#SnomedCS-59749000">59749000</a></td><td>Lacrimal artery</td></tr><tr><td><a href="CodeSystem-SnomedCS.html#SnomedCS-72696002">72696002</a></td><td>Knee</td></tr><tr><td><a href="CodeSystem-SnomedCS.html#SnomedCS-64033007">64033007</a></td><td>Kidney</td></tr><tr><td><a href="CodeSystem-SnomedCS.html#SnomedCS-39352004">39352004</a></td><td>Joint</td></tr><tr><td><a href="CodeSystem-SnomedCS.html#SnomedCS-21306003">21306003</a></td><td>Jejunum</td></tr><tr><td><a href="CodeSystem-SnomedCS.html#SnomedCS-661005">661005</a></td><td>Jaw region</td></tr><tr><td><a href="CodeSystem-SnomedCS.html#SnomedCS-1101003">1101003</a></td><td>Intracranial</td></tr><tr><td><a href="CodeSystem-SnomedCS.html#SnomedCS-69327007">69327007</a></td><td>Internal mammary artery</td></tr><tr><td><a href="CodeSystem-SnomedCS.html#SnomedCS-12123001">12123001</a></td><td>Internal jugular vein</td></tr><tr><td><a href="CodeSystem-SnomedCS.html#SnomedCS-90024005">90024005</a></td><td>Internal iliac artery</td></tr><tr><td><a href="CodeSystem-SnomedCS.html#SnomedCS-8887007">8887007</a></td><td>Innominate vein</td></tr><tr><td><a href="CodeSystem-SnomedCS.html#SnomedCS-12691009">12691009</a></td><td>Innominate artery</td></tr><tr><td><a href="CodeSystem-SnomedCS.html#SnomedCS-26893007">26893007</a></td><td>Inguinal region</td></tr><tr><td><a href="CodeSystem-SnomedCS.html#SnomedCS-64131007">64131007</a></td><td>Inferior vena cava</td></tr><tr><td><a href="CodeSystem-SnomedCS.html#SnomedCS-33795007">33795007</a></td><td>Inferior mesenteric artery</td></tr><tr><td><a href="CodeSystem-SnomedCS.html#SnomedCS-22356005">22356005</a></td><td>Ilium</td></tr><tr><td><a href="CodeSystem-SnomedCS.html#SnomedCS-244411005">244411005</a></td><td>Iliac vein</td></tr><tr><td><a href="CodeSystem-SnomedCS.html#SnomedCS-10293006">10293006</a></td><td>Iliac artery</td></tr><tr><td><a href="CodeSystem-SnomedCS.html#SnomedCS-34516001">34516001</a></td><td>Ileum</td></tr><tr><td><a href="CodeSystem-SnomedCS.html#SnomedCS-86117002">86117002</a></td><td>Internal carotid artery</td></tr><tr><td><a href="CodeSystem-SnomedCS.html#SnomedCS-361078006">361078006</a></td><td>Internal Auditory Canal</td></tr><tr><td><a href="CodeSystem-SnomedCS.html#SnomedCS-81502006">81502006</a></td><td>Hypopharynx</td></tr><tr><td><a href="CodeSystem-SnomedCS.html#SnomedCS-85050009">85050009</a></td><td>Humerus</td></tr><tr><td><a href="CodeSystem-SnomedCS.html#SnomedCS-24136001">24136001</a></td><td>Hip joint</td></tr><tr><td><a href="CodeSystem-SnomedCS.html#SnomedCS-8993003">8993003</a></td><td>Hepatic vein</td></tr><tr><td><a href="CodeSystem-SnomedCS.html#SnomedCS-76015000">76015000</a></td><td>Hepatic artery</td></tr><tr><td><a href="CodeSystem-SnomedCS.html#SnomedCS-80891009">80891009</a></td><td>Heart</td></tr><tr><td><a href="CodeSystem-SnomedCS.html#SnomedCS-774007">774007</a></td><td>Head and Neck</td></tr><tr><td><a href="CodeSystem-SnomedCS.html#SnomedCS-69536005">69536005</a></td><td>Head</td></tr><tr><td><a href="CodeSystem-SnomedCS.html#SnomedCS-85562004">85562004</a></td><td>Hand</td></tr><tr><td><a href="CodeSystem-SnomedCS.html#SnomedCS-60734001">60734001</a></td><td>Great saphenous vein</td></tr><tr><td><a href="CodeSystem-SnomedCS.html#SnomedCS-46862004">46862004</a></td><td>Gluteal region</td></tr><tr><td><a href="CodeSystem-SnomedCS.html#SnomedCS-300571009">300571009</a></td><td>Gestational sac</td></tr><tr><td><a href="CodeSystem-SnomedCS.html#SnomedCS-128559007">128559007</a></td><td>Genicular artery</td></tr><tr><td><a href="CodeSystem-SnomedCS.html#SnomedCS-110568007">110568007</a></td><td>Gastric vein</td></tr><tr><td><a href="CodeSystem-SnomedCS.html#SnomedCS-28231008">28231008</a></td><td>Gallbladder</td></tr><tr><td><a href="CodeSystem-SnomedCS.html#SnomedCS-14975008">14975008</a></td><td>Forearm</td></tr><tr><td><a href="CodeSystem-SnomedCS.html#SnomedCS-56459004">56459004</a></td><td>Foot</td></tr><tr><td><a href="CodeSystem-SnomedCS.html#SnomedCS-79361005">79361005</a></td><td>Fontanel of skull</td></tr><tr><td><a href="CodeSystem-SnomedCS.html#SnomedCS-58602004">58602004</a></td><td>Flank</td></tr><tr><td><a href="CodeSystem-SnomedCS.html#SnomedCS-7569003">7569003</a></td><td>Finger</td></tr><tr><td><a href="CodeSystem-SnomedCS.html#SnomedCS-87342007">87342007</a></td><td>Fibula</td></tr><tr><td><a href="CodeSystem-SnomedCS.html#SnomedCS-71341001">71341001</a></td><td>Femur</td></tr><tr><td><a href="CodeSystem-SnomedCS.html#SnomedCS-83419000">83419000</a></td><td>Femoral vein</td></tr><tr><td><a href="CodeSystem-SnomedCS.html#SnomedCS-7657000">7657000</a></td><td>Femoral artery</td></tr><tr><td><a href="CodeSystem-SnomedCS.html#SnomedCS-23074001">23074001</a></td><td>Facial artery</td></tr><tr><td><a href="CodeSystem-SnomedCS.html#SnomedCS-89545001">89545001</a></td><td>Face</td></tr><tr><td><a href="CodeSystem-SnomedCS.html#SnomedCS-80243003">80243003</a></td><td>Eyelid</td></tr><tr><td><a href="CodeSystem-SnomedCS.html#SnomedCS-81745001">81745001</a></td><td>Eye</td></tr><tr><td><a href="CodeSystem-SnomedCS.html#SnomedCS-66019005">66019005</a></td><td>Extremity</td></tr><tr><td><a href="CodeSystem-SnomedCS.html#SnomedCS-71585003">71585003</a></td><td>External jugular vein</td></tr><tr><td><a href="CodeSystem-SnomedCS.html#SnomedCS-63507001">63507001</a></td><td>External iliac vein</td></tr><tr><td><a href="CodeSystem-SnomedCS.html#SnomedCS-113269004">113269004</a></td><td>External iliac artery</td></tr><tr><td><a href="CodeSystem-SnomedCS.html#SnomedCS-32849002">32849002</a></td><td>Esophagus</td></tr><tr><td><a href="CodeSystem-SnomedCS.html#SnomedCS-27947004">27947004</a></td><td>Epigastric region</td></tr><tr><td><a href="CodeSystem-SnomedCS.html#SnomedCS-87644002">87644002</a></td><td>Epididymis</td></tr><tr><td><a href="CodeSystem-SnomedCS.html#SnomedCS-48367006">48367006</a></td><td>Endo-vesical</td></tr><tr><td><a href="CodeSystem-SnomedCS.html#SnomedCS-29092000">29092000</a></td><td>Vein</td></tr><tr><td><a href="CodeSystem-SnomedCS.html#SnomedCS-59820001">59820001</a></td><td>Endo-vascular</td></tr><tr><td><a href="CodeSystem-SnomedCS.html#SnomedCS-18962004">18962004</a></td><td>Endo-nasopharyngeal</td></tr><tr><td><a href="CodeSystem-SnomedCS.html#SnomedCS-53342003">53342003</a></td><td>Endo-nasal</td></tr><tr><td><a href="CodeSystem-SnomedCS.html#SnomedCS-2739003">2739003</a></td><td>Endometrium</td></tr><tr><td><a href="CodeSystem-SnomedCS.html#SnomedCS-16953009">16953009</a></td><td>Elbow joint</td></tr><tr><td><a href="CodeSystem-SnomedCS.html#SnomedCS-22286001">22286001</a></td><td>External carotid artery</td></tr><tr><td><a href="CodeSystem-SnomedCS.html#SnomedCS-117590005">117590005</a></td><td>Ear</td></tr><tr><td><a href="CodeSystem-SnomedCS.html#SnomedCS-84301002">84301002</a></td><td>External auditory canal</td></tr><tr><td><a href="CodeSystem-SnomedCS.html#SnomedCS-38848004">38848004</a></td><td>Duodenum</td></tr><tr><td><a href="CodeSystem-SnomedCS.html#SnomedCS-32622004">32622004</a></td><td>Descending colon</td></tr><tr><td><a href="CodeSystem-SnomedCS.html#SnomedCS-32672002">32672002</a></td><td>Descending aorta</td></tr><tr><td><a href="CodeSystem-SnomedCS.html#SnomedCS-53843000">53843000</a></td><td>Rectouterine pouch</td></tr><tr><td><a href="CodeSystem-SnomedCS.html#SnomedCS-1217257000">1217257000</a></td><td>Cervico-thoracic spine</td></tr><tr><td><a href="CodeSystem-SnomedCS.html#SnomedCS-122494005">122494005</a></td><td>Cervical spine</td></tr><tr><td><a href="CodeSystem-SnomedCS.html#SnomedCS-90219004">90219004</a></td><td>Coronary sinus</td></tr><tr><td><a href="CodeSystem-SnomedCS.html#SnomedCS-41801008">41801008</a></td><td>Coronary artery</td></tr><tr><td><a href="CodeSystem-SnomedCS.html#SnomedCS-28726007">28726007</a></td><td>Cornea</td></tr><tr><td><a href="CodeSystem-SnomedCS.html#SnomedCS-79741001">79741001</a></td><td>Common bile duct</td></tr><tr><td><a href="CodeSystem-SnomedCS.html#SnomedCS-46027005">46027005</a></td><td>Common iliac vein</td></tr><tr><td><a href="CodeSystem-SnomedCS.html#SnomedCS-73634005">73634005</a></td><td>Common iliac artery</td></tr><tr><td><a href="CodeSystem-SnomedCS.html#SnomedCS-71854001">71854001</a></td><td>Colon</td></tr><tr><td><a href="CodeSystem-SnomedCS.html#SnomedCS-64688005">64688005</a></td><td>Coccyx</td></tr><tr><td><a href="CodeSystem-SnomedCS.html#SnomedCS-51299004">51299004</a></td><td>Clavicle</td></tr><tr><td><a href="CodeSystem-SnomedCS.html#SnomedCS-11279006">11279006</a></td><td>Circle of Willis</td></tr><tr><td><a href="CodeSystem-SnomedCS.html#SnomedCS-80621003">80621003</a></td><td>Choroid plexus</td></tr><tr><td><a href="CodeSystem-SnomedCS.html#SnomedCS-416775004">416775004</a></td><td>Chest, Abdomen and Pelvis</td></tr><tr><td><a href="CodeSystem-SnomedCS.html#SnomedCS-416550000">416550000</a></td><td>Chest and Abdomen</td></tr><tr><td><a href="CodeSystem-SnomedCS.html#SnomedCS-60819002">60819002</a></td><td>Cheek</td></tr><tr><td><a href="CodeSystem-SnomedCS.html#SnomedCS-397363009">397363009</a></td><td>Common femoral vein</td></tr><tr><td><a href="CodeSystem-SnomedCS.html#SnomedCS-181347005">181347005</a></td><td>Common femoral artery</td></tr><tr><td><a href="CodeSystem-SnomedCS.html#SnomedCS-71252005">71252005</a></td><td>Cervix</td></tr><tr><td><a href="CodeSystem-SnomedCS.html#SnomedCS-88556005">88556005</a></td><td>Cerebral artery</td></tr><tr><td><a href="CodeSystem-SnomedCS.html#SnomedCS-372073000">372073000</a></td><td>Cerebral hemisphere</td></tr><tr><td><a href="CodeSystem-SnomedCS.html#SnomedCS-113305005">113305005</a></td><td>Cerebellum</td></tr><tr><td><a href="CodeSystem-SnomedCS.html#SnomedCS-20699002">20699002</a></td><td>Cephalic vein</td></tr><tr><td><a href="CodeSystem-SnomedCS.html#SnomedCS-57850000">57850000</a></td><td>Celiac artery</td></tr><tr><td><a href="CodeSystem-SnomedCS.html#SnomedCS-32062004">32062004</a></td><td>Common carotid artery</td></tr><tr><td><a href="CodeSystem-SnomedCS.html#SnomedCS-69105007">69105007</a></td><td>Carotid Artery</td></tr><tr><td><a href="CodeSystem-SnomedCS.html#SnomedCS-53840002">53840002</a></td><td>Calf of leg</td></tr><tr><td><a href="CodeSystem-SnomedCS.html#SnomedCS-80144004">80144004</a></td><td>Calcaneus</td></tr><tr><td><a href="CodeSystem-SnomedCS.html#SnomedCS-21479005">21479005</a></td><td>Carotid bulb</td></tr><tr><td><a href="CodeSystem-SnomedCS.html#SnomedCS-955009">955009</a></td><td>Bronchus</td></tr><tr><td><a href="CodeSystem-SnomedCS.html#SnomedCS-76752008">76752008</a></td><td>Breast</td></tr><tr><td><a href="CodeSystem-SnomedCS.html#SnomedCS-12738006">12738006</a></td><td>Brain</td></tr><tr><td><a href="CodeSystem-SnomedCS.html#SnomedCS-20115005">20115005</a></td><td>Brachial vein</td></tr><tr><td><a href="CodeSystem-SnomedCS.html#SnomedCS-17137000">17137000</a></td><td>Brachial artery</td></tr><tr><td><a href="CodeSystem-SnomedCS.html#SnomedCS-110837003">110837003</a></td><td>Bladder and urethra</td></tr><tr><td><a href="CodeSystem-SnomedCS.html#SnomedCS-89837001">89837001</a></td><td>Bladder</td></tr><tr><td><a href="CodeSystem-SnomedCS.html#SnomedCS-34707002">34707002</a></td><td>Biliary tract</td></tr><tr><td><a href="CodeSystem-SnomedCS.html#SnomedCS-28273000">28273000</a></td><td>Bile duct</td></tr><tr><td><a href="CodeSystem-SnomedCS.html#SnomedCS-59011009">59011009</a></td><td>Basilar artery</td></tr><tr><td><a href="CodeSystem-SnomedCS.html#SnomedCS-77568009">77568009</a></td><td>Back</td></tr><tr><td><a href="CodeSystem-SnomedCS.html#SnomedCS-72107004">72107004</a></td><td>Azygos vein</td></tr><tr><td><a href="CodeSystem-SnomedCS.html#SnomedCS-68705008">68705008</a></td><td>Axillary vein</td></tr><tr><td><a href="CodeSystem-SnomedCS.html#SnomedCS-67937003">67937003</a></td><td>Axillary Artery</td></tr><tr><td><a href="CodeSystem-SnomedCS.html#SnomedCS-91470000">91470000</a></td><td>Axilla</td></tr><tr><td><a href="CodeSystem-SnomedCS.html#SnomedCS-9040008">9040008</a></td><td>Ascending colon</td></tr><tr><td><a href="CodeSystem-SnomedCS.html#SnomedCS-54247002">54247002</a></td><td>Ascending aorta</td></tr><tr><td><a href="CodeSystem-SnomedCS.html#SnomedCS-51114001">51114001</a></td><td>Artery</td></tr><tr><td><a href="CodeSystem-SnomedCS.html#SnomedCS-66754008">66754008</a></td><td>Appendix</td></tr><tr><td><a href="CodeSystem-SnomedCS.html#SnomedCS-57034009">57034009</a></td><td>Aortic arch</td></tr><tr><td><a href="CodeSystem-SnomedCS.html#SnomedCS-15825003">15825003</a></td><td>Aorta</td></tr><tr><td><a href="CodeSystem-SnomedCS.html#SnomedCS-110612005">110612005</a></td><td>Anus, rectum and sigmoid colon</td></tr><tr><td><a href="CodeSystem-SnomedCS.html#SnomedCS-68053000">68053000</a></td><td>Anterior tibial artery</td></tr><tr><td><a href="CodeSystem-SnomedCS.html#SnomedCS-17388009">17388009</a></td><td>Anterior spinal artery</td></tr><tr><td><a href="CodeSystem-SnomedCS.html#SnomedCS-128553008">128553008</a></td><td>Antecubital vein</td></tr><tr><td><a href="CodeSystem-SnomedCS.html#SnomedCS-8012006">8012006</a></td><td>Anterior communicating artery</td></tr><tr><td><a href="CodeSystem-SnomedCS.html#SnomedCS-194996006">194996006</a></td><td>Anterior cardiac vein</td></tr><tr><td><a href="CodeSystem-SnomedCS.html#SnomedCS-70258002">70258002</a></td><td>Ankle joint</td></tr><tr><td><a href="CodeSystem-SnomedCS.html#SnomedCS-77012006">77012006</a></td><td>Amniotic fluid</td></tr><tr><td><a href="CodeSystem-SnomedCS.html#SnomedCS-23451007">23451007</a></td><td>Adrenal gland</td></tr><tr><td><a href="CodeSystem-SnomedCS.html#SnomedCS-85856004">85856004</a></td><td>Acromioclavicular joint</td></tr><tr><td><a href="CodeSystem-SnomedCS.html#SnomedCS-60176003">60176003</a></td><td>Anterior cerebral artery</td></tr><tr><td><a href="CodeSystem-SnomedCS.html#SnomedCS-7832008">7832008</a></td><td>Abdominal aorta</td></tr><tr><td><a href="CodeSystem-SnomedCS.html#SnomedCS-818982008">818982008</a></td><td>Abdomen and Pelvis</td></tr><tr><td><a href="CodeSystem-SnomedCS.html#SnomedCS-818981001">818981001</a></td><td>Abdomen</td></tr><tr><td><a href="CodeSystem-SnomedCS.html#SnomedCS-35918002">35918002</a></td><td>Fourth ventricle</td></tr><tr><td><a href="CodeSystem-SnomedCS.html#SnomedCS-49841001">49841001</a></td><td>Third ventricle</td></tr></table></li></ul></div></text><url value="https://build.fhir.org/ig/arkhn/arkhn-ig-osiris/ValueSet/VSBodySite"/><version value="2.1.0"/><name value="VSBodySite"/><title value=" Bodysite Value Set"/><status value="draft"/><date value="2024-03-21T14:34:32+00:00"/><publisher value="Arkhn"/><contact><name value="Arkhn"/><telecom><system value="url"/><value value="http://arkhn.com"/></telecom><telecom><system value="email"/><value value="contact@arkhn.com"/></telecom></contact><contact><name value="Nicolas Riss"/><telecom><system value="email"/><value value="nicolas@arkhn.com"/></telecom></contact><description value="Bodysite"/><compose><include><system value="http://snomed.info/sct"/><concept><code value="13881006"/><display value="Zygoma"/></concept><concept><code value="74670003"/><display value="Wrist joint"/></concept><concept><code value="38266002"/><display value="Entire body"/></concept><concept><code value="45292006"/><display value="Vulva"/></concept><concept><code value="85234005"/><display value="Vertebral artery"/></concept><concept><code value="76784001"/><display value="Vagina"/></concept><concept><code value="35039007"/><display value="Uterus"/></concept><concept><code value="13648007"/><display value="Urethra"/></concept><concept><code value="87953007"/><display value="Ureter"/></concept><concept><code value="431491007"/><display value="Upper urinary tract"/></concept><concept><code value="53120007"/><display value="Upper limb"/></concept><concept><code value="40983000"/><display value="Upper arm"/></concept><concept><code value="284639000"/><display value="Umbilical vein"/></concept><concept><code value="50536004"/><display value="Umbilical artery"/></concept><concept><code value="90290004"/><display value="Umbilical region"/></concept><concept><code value="44984001"/><display value="Ulnar artery"/></concept><concept><code value="23416004"/><display value="Ulna"/></concept><concept><code value="122495006"/><display value="Thoracic spine"/></concept><concept><code value="485005"/><display value="Transverse colon"/></concept><concept><code value="110726009"/><display value="Trachea and bronchus"/></concept><concept><code value="44567001"/><display value="Trachea"/></concept><concept><code value="21974007"/><display value="Tongue"/></concept><concept><code value="29707007"/><display value="Toe"/></concept><concept><code value="53620006"/><display value="Temporomandibular joint"/></concept><concept><code value="1217256009"/><display value="Thoraco-lumbar spine"/></concept><concept><code value="110536004"/><display value="Tibia and fibula"/></concept><concept><code value="12611008"/><display value="Tibia"/></concept><concept><code value="69748006"/><display value="Thyroid"/></concept><concept><code value="9875009"/><display value="Thymus"/></concept><concept><code value="76505004"/><display value="Thumb"/></concept><concept><code value="43799004"/><display value="Thorax"/></concept><concept><code value="113262008"/><display value="Thoracic aorta"/></concept><concept><code value="68367000"/><display value="Thigh"/></concept><concept><code value="42695009"/><display value="Thalamus"/></concept><concept><code value="40689003"/><display value="Testis"/></concept><concept><code value="48345005"/><display value="Superior vena cava"/></concept><concept><code value="72021004"/><display value="Superior thyroid artery"/></concept><concept><code value="11708003"/><display value="Pubic region"/></concept><concept><code value="77621008"/><display value="Supraclavicular region of neck"/></concept><concept><code value="54019009"/><display value="Submandibular gland"/></concept><concept><code value="19695001"/><display value="Subcostal"/></concept><concept><code value="9454009"/><display value="Subclavian vein"/></concept><concept><code value="36765005"/><display value="Subclavian artery"/></concept><concept><code value="69695003"/><display value="Stomach"/></concept><concept><code value="56873002"/><display value="Sternum"/></concept><concept><code value="54735007"/><display value="Sacrum"/></concept><concept><code value="35819009"/><display value="Splenic vein"/></concept><concept><code value="22083002"/><display value="Splenic artery"/></concept><concept><code value="78961009"/><display value="Spleen"/></concept><concept><code value="421060004"/><display value="Spine"/></concept><concept><code value="2748008"/><display value="Spinal cord"/></concept><concept><code value="30315005"/><display value="Small intestine"/></concept><concept><code value="42258001"/><display value="Superior mesenteric artery"/></concept><concept><code value="89546000"/><display value="Skull"/></concept><concept><code value="39723000"/><display value="Sacroiliac joint"/></concept><concept><code value="60184004"/><display value="Sigmoid colon"/></concept><concept><code value="16982005"/><display value="Shoulder"/></concept><concept><code value="397364003"/><display value="Superficial femoral vein"/></concept><concept><code value="128587003"/><display value="Saphenofemoral junction"/></concept><concept><code value="181349008"/><display value="Superficial femoral artery"/></concept><concept><code value="58742003"/><display value="Sesamoid bones of foot"/></concept><concept><code value="64739004"/><display value="Seminal vesicle"/></concept><concept><code value="42575006"/><display value="Sella turcica"/></concept><concept><code value="20233005"/><display value="Scrotum"/></concept><concept><code value="18619003"/><display value="Sclera"/></concept><concept><code value="7844006"/><display value="Sternoclavicular joint"/></concept><concept><code value="79601000"/><display value="Scapula"/></concept><concept><code value="41695006"/><display value="Scalp"/></concept><concept><code value="362072009"/><display value="Saphenous vein"/></concept><concept><code value="53085002"/><display value="Right ventricle"/></concept><concept><code value="50519007"/><display value="Right upper quadrant of abdomen"/></concept><concept><code value="8629005"/><display value="Superior right pulmonary vein"/></concept><concept><code value="78480002"/><display value="Right pulmonary artery"/></concept><concept><code value="73931004"/><display value="Right portal vein"/></concept><concept><code value="1017211000"/><display value="Right lumbar region"/></concept><concept><code value="48544008"/><display value="Right lower quadrant of abdomen"/></concept><concept><code value="37117007"/><display value="Right inguinal region"/></concept><concept><code value="113197003"/><display value="Rib"/></concept><concept><code value="133946002"/><display value="Right hypochondriac region"/></concept><concept><code value="272998002"/><display value="Right hepatic vein"/></concept><concept><code value="69833005"/><display value="Right femoral artery"/></concept><concept><code value="82849001"/><display value="Retroperitoneum"/></concept><concept><code value="56400007"/><display value="Renal vein"/></concept><concept><code value="2841007"/><display value="Renal artery"/></concept><concept><code value="34402009"/><display value="Rectum"/></concept><concept><code value="73829009"/><display value="Right atrium"/></concept><concept><code value="110535000"/><display value="Radius and ulna"/></concept><concept><code value="62413002"/><display value="Radius"/></concept><concept><code value="45631007"/><display value="Radial artery"/></concept><concept><code value="122972007"/><display value="Pulmonary vein"/></concept><concept><code value="81040000"/><display value="Pulmonary artery"/></concept><concept><code value="41216001"/><display value="Prostate"/></concept><concept><code value="23438002"/><display value="Profunda femoris vein"/></concept><concept><code value="31677005"/><display value="Profunda femoris artery"/></concept><concept><code value="13363002"/><display value="Posterior tibial artery"/></concept><concept><code value="43119007"/><display value="Posterior communicating artery"/></concept><concept><code value="32764006"/><display value="Portal vein"/></concept><concept><code value="56849005"/><display value="Popliteal vein"/></concept><concept><code value="32361000"/><display value="Popliteal fossa"/></concept><concept><code value="43899006"/><display value="Popliteal artery"/></concept><concept><code value="78067005"/><display value="Placenta"/></concept><concept><code value="312535008"/><display value="Pharynx and larynx"/></concept><concept><code value="54066008"/><display value="Pharynx"/></concept><concept><code value="706342009"/><display value="Phantom"/></concept><concept><code value="8821006"/><display value="Peroneal artery"/></concept><concept><code value="38864007"/><display value="Perineum"/></concept><concept><code value="18911002"/><display value="Penis"/></concept><concept><code value="282044005"/><display value="Penile artery"/></concept><concept><code value="1231522001"/><display value="Pelvis and lower extremities"/></concept><concept><code value="816092008"/><display value="Pelvis"/></concept><concept><code value="70382005"/><display value="Posterior cerebral artery"/></concept><concept><code value="64234005"/><display value="Patella"/></concept><concept><code value="45289007"/><display value="Parotid gland"/></concept><concept><code value="111002"/><display value="Parathyroid"/></concept><concept><code value="91691001"/><display value="Parasternal"/></concept><concept><code value="69930009"/><display value="Pancreatic duct"/></concept><concept><code value="15776009"/><display value="Pancreas"/></concept><concept><code value="110621006"/><display value="Pancreatic duct and bile duct systems"/></concept><concept><code value="15497006"/><display value="Ovary"/></concept><concept><code value="363654007"/><display value="Orbital structure"/></concept><concept><code value="55024004"/><display value="Optic canal"/></concept><concept><code value="53549008"/><display value="Ophthalmic artery"/></concept><concept><code value="31145008"/><display value="Occipital artery"/></concept><concept><code value="32114007"/><display value="Occipital vein"/></concept><concept><code value="45206002"/><display value="Nose"/></concept><concept><code value="416319003"/><display value="Neck, Chest, Abdomen and Pelvis"/></concept><concept><code value="416152001"/><display value="Neck, Chest and Abdomen"/></concept><concept><code value="417437006"/><display value="Neck and Chest"/></concept><concept><code value="45048000"/><display value="Neck"/></concept><concept><code value="360955006"/><display value="Nasopharynx"/></concept><concept><code value="123851003"/><display value="Mouth"/></concept><concept><code value="243977002"/><display value="Morisons pouch"/></concept><concept><code value="273099000"/><display value="Middle hepatic vein"/></concept><concept><code value="128583004"/><display value="Mesenteric vein"/></concept><concept><code value="86570000"/><display value="Mesenteric artery"/></concept><concept><code value="72410000"/><display value="Mediastinum"/></concept><concept><code value="17232002"/><display value="Middle cerebral artery"/></concept><concept><code value="70925003"/><display value="Maxilla"/></concept><concept><code value="59066005"/><display value="Mastoid bone"/></concept><concept><code value="91609006"/><display value="Mandible"/></concept><concept><code value="87878005"/><display value="Left ventricle"/></concept><concept><code value="86367003"/><display value="Left upper quadrant of abdomen"/></concept><concept><code value="39607008"/><display value="Lung"/></concept><concept><code value="91747007"/><display value="Lumen of blood vessel"/></concept><concept><code value="34635009"/><display value="Lumbar artery"/></concept><concept><code value="52612000"/><display value="Lumbar region"/></concept><concept><code value="43863001"/><display value="Superior left pulmonary vein"/></concept><concept><code value="1217253001"/><display value="Lumbo-sacral spine"/></concept><concept><code value="122496007"/><display value="Lumbar spine"/></concept><concept><code value="50408007"/><display value="Left pulmonary artery"/></concept><concept><code value="70253006"/><display value="Left portal vein"/></concept><concept><code value="61685007"/><display value="Lower limb"/></concept><concept><code value="30021000"/><display value="Lower leg"/></concept><concept><code value="1017210004"/><display value="Left lumbar region"/></concept><concept><code value="68505006"/><display value="Left lower quadrant of abdomen"/></concept><concept><code value="10200004"/><display value="Liver"/></concept><concept><code value="85119005"/><display value="Left inguinal region"/></concept><concept><code value="113264009"/><display value="Lingual artery"/></concept><concept><code value="133945003"/><display value="Left hypochondriac region"/></concept><concept><code value="273202007"/><display value="Left hepatic vein"/></concept><concept><code value="113270003"/><display value="Left femoral artery"/></concept><concept><code value="66720007"/><display value="Lateral Ventricle"/></concept><concept><code value="82471001"/><display value="Left atrium"/></concept><concept><code value="4596009"/><display value="Larynx"/></concept><concept><code value="14742008"/><display value="Large intestine"/></concept><concept><code value="59749000"/><display value="Lacrimal artery"/></concept><concept><code value="72696002"/><display value="Knee"/></concept><concept><code value="64033007"/><display value="Kidney"/></concept><concept><code value="39352004"/><display value="Joint"/></concept><concept><code value="21306003"/><display value="Jejunum"/></concept><concept><code value="661005"/><display value="Jaw region"/></concept><concept><code value="1101003"/><display value="Intracranial"/></concept><concept><code value="69327007"/><display value="Internal mammary artery"/></concept><concept><code value="12123001"/><display value="Internal jugular vein"/></concept><concept><code value="90024005"/><display value="Internal iliac artery"/></concept><concept><code value="8887007"/><display value="Innominate vein"/></concept><concept><code value="12691009"/><display value="Innominate artery"/></concept><concept><code value="26893007"/><display value="Inguinal region"/></concept><concept><code value="64131007"/><display value="Inferior vena cava"/></concept><concept><code value="33795007"/><display value="Inferior mesenteric artery"/></concept><concept><code value="22356005"/><display value="Ilium"/></concept><concept><code value="244411005"/><display value="Iliac vein"/></concept><concept><code value="10293006"/><display value="Iliac artery"/></concept><concept><code value="34516001"/><display value="Ileum"/></concept><concept><code value="86117002"/><display value="Internal carotid artery"/></concept><concept><code value="361078006"/><display value="Internal Auditory Canal"/></concept><concept><code value="81502006"/><display value="Hypopharynx"/></concept><concept><code value="85050009"/><display value="Humerus"/></concept><concept><code value="24136001"/><display value="Hip joint"/></concept><concept><code value="8993003"/><display value="Hepatic vein"/></concept><concept><code value="76015000"/><display value="Hepatic artery"/></concept><concept><code value="80891009"/><display value="Heart"/></concept><concept><code value="774007"/><display value="Head and Neck"/></concept><concept><code value="69536005"/><display value="Head"/></concept><concept><code value="85562004"/><display value="Hand"/></concept><concept><code value="60734001"/><display value="Great saphenous vein"/></concept><concept><code value="46862004"/><display value="Gluteal region"/></concept><concept><code value="300571009"/><display value="Gestational sac"/></concept><concept><code value="128559007"/><display value="Genicular artery"/></concept><concept><code value="110568007"/><display value="Gastric vein"/></concept><concept><code value="28231008"/><display value="Gallbladder"/></concept><concept><code value="14975008"/><display value="Forearm"/></concept><concept><code value="56459004"/><display value="Foot"/></concept><concept><code value="79361005"/><display value="Fontanel of skull"/></concept><concept><code value="58602004"/><display value="Flank"/></concept><concept><code value="7569003"/><display value="Finger"/></concept><concept><code value="87342007"/><display value="Fibula"/></concept><concept><code value="71341001"/><display value="Femur"/></concept><concept><code value="83419000"/><display value="Femoral vein"/></concept><concept><code value="7657000"/><display value="Femoral artery"/></concept><concept><code value="23074001"/><display value="Facial artery"/></concept><concept><code value="89545001"/><display value="Face"/></concept><concept><code value="80243003"/><display value="Eyelid"/></concept><concept><code value="81745001"/><display value="Eye"/></concept><concept><code value="66019005"/><display value="Extremity"/></concept><concept><code value="71585003"/><display value="External jugular vein"/></concept><concept><code value="63507001"/><display value="External iliac vein"/></concept><concept><code value="113269004"/><display value="External iliac artery"/></concept><concept><code value="32849002"/><display value="Esophagus"/></concept><concept><code value="27947004"/><display value="Epigastric region"/></concept><concept><code value="87644002"/><display value="Epididymis"/></concept><concept><code value="48367006"/><display value="Endo-vesical"/></concept><concept><code value="29092000"/><display value="Vein"/></concept><concept><code value="59820001"/><display value="Endo-vascular"/></concept><concept><code value="18962004"/><display value="Endo-nasopharyngeal"/></concept><concept><code value="53342003"/><display value="Endo-nasal"/></concept><concept><code value="2739003"/><display value="Endometrium"/></concept><concept><code value="16953009"/><display value="Elbow joint"/></concept><concept><code value="22286001"/><display value="External carotid artery"/></concept><concept><code value="117590005"/><display value="Ear"/></concept><concept><code value="84301002"/><display value="External auditory canal"/></concept><concept><code value="38848004"/><display value="Duodenum"/></concept><concept><code value="32622004"/><display value="Descending colon"/></concept><concept><code value="32672002"/><display value="Descending aorta"/></concept><concept><code value="53843000"/><display value="Rectouterine pouch"/></concept><concept><code value="1217257000"/><display value="Cervico-thoracic spine"/></concept><concept><code value="122494005"/><display value="Cervical spine"/></concept><concept><code value="90219004"/><display value="Coronary sinus"/></concept><concept><code value="41801008"/><display value="Coronary artery"/></concept><concept><code value="28726007"/><display value="Cornea"/></concept><concept><code value="79741001"/><display value="Common bile duct"/></concept><concept><code value="46027005"/><display value="Common iliac vein"/></concept><concept><code value="73634005"/><display value="Common iliac artery"/></concept><concept><code value="71854001"/><display value="Colon"/></concept><concept><code value="64688005"/><display value="Coccyx"/></concept><concept><code value="51299004"/><display value="Clavicle"/></concept><concept><code value="11279006"/><display value="Circle of Willis"/></concept><concept><code value="80621003"/><display value="Choroid plexus"/></concept><concept><code value="416775004"/><display value="Chest, Abdomen and Pelvis"/></concept><concept><code value="416550000"/><display value="Chest and Abdomen"/></concept><concept><code value="60819002"/><display value="Cheek"/></concept><concept><code value="397363009"/><display value="Common femoral vein"/></concept><concept><code value="181347005"/><display value="Common femoral artery"/></concept><concept><code value="71252005"/><display value="Cervix"/></concept><concept><code value="88556005"/><display value="Cerebral artery"/></concept><concept><code value="372073000"/><display value="Cerebral hemisphere"/></concept><concept><code value="113305005"/><display value="Cerebellum"/></concept><concept><code value="20699002"/><display value="Cephalic vein"/></concept><concept><code value="57850000"/><display value="Celiac artery"/></concept><concept><code value="32062004"/><display value="Common carotid artery"/></concept><concept><code value="69105007"/><display value="Carotid Artery"/></concept><concept><code value="53840002"/><display value="Calf of leg"/></concept><concept><code value="80144004"/><display value="Calcaneus"/></concept><concept><code value="21479005"/><display value="Carotid bulb"/></concept><concept><code value="955009"/><display value="Bronchus"/></concept><concept><code value="76752008"/><display value="Breast"/></concept><concept><code value="12738006"/><display value="Brain"/></concept><concept><code value="20115005"/><display value="Brachial vein"/></concept><concept><code value="17137000"/><display value="Brachial artery"/></concept><concept><code value="110837003"/><display value="Bladder and urethra"/></concept><concept><code value="89837001"/><display value="Bladder"/></concept><concept><code value="34707002"/><display value="Biliary tract"/></concept><concept><code value="28273000"/><display value="Bile duct"/></concept><concept><code value="59011009"/><display value="Basilar artery"/></concept><concept><code value="77568009"/><display value="Back"/></concept><concept><code value="72107004"/><display value="Azygos vein"/></concept><concept><code value="68705008"/><display value="Axillary vein"/></concept><concept><code value="67937003"/><display value="Axillary Artery"/></concept><concept><code value="91470000"/><display value="Axilla"/></concept><concept><code value="9040008"/><display value="Ascending colon"/></concept><concept><code value="54247002"/><display value="Ascending aorta"/></concept><concept><code value="51114001"/><display value="Artery"/></concept><concept><code value="66754008"/><display value="Appendix"/></concept><concept><code value="57034009"/><display value="Aortic arch"/></concept><concept><code value="15825003"/><display value="Aorta"/></concept><concept><code value="110612005"/><display value="Anus, rectum and sigmoid colon"/></concept><concept><code value="68053000"/><display value="Anterior tibial artery"/></concept><concept><code value="17388009"/><display value="Anterior spinal artery"/></concept><concept><code value="128553008"/><display value="Antecubital vein"/></concept><concept><code value="8012006"/><display value="Anterior communicating artery"/></concept><concept><code value="194996006"/><display value="Anterior cardiac vein"/></concept><concept><code value="70258002"/><display value="Ankle joint"/></concept><concept><code value="77012006"/><display value="Amniotic fluid"/></concept><concept><code value="23451007"/><display value="Adrenal gland"/></concept><concept><code value="85856004"/><display value="Acromioclavicular joint"/></concept><concept><code value="60176003"/><display value="Anterior cerebral artery"/></concept><concept><code value="7832008"/><display value="Abdominal aorta"/></concept><concept><code value="818982008"/><display value="Abdomen and Pelvis"/></concept><concept><code value="818981001"/><display value="Abdomen"/></concept><concept><code value="35918002"/><display value="Fourth ventricle"/></concept><concept><code value="49841001"/><display value="Third ventricle"/></concept></include></compose></ValueSet>