<?xml version="1.0" encoding="UTF-8"?><ValueSet xmlns="http://hl7.org/fhir"><id value="VSLocalizationMethod"/><text><status value="generated"/><div xmlns="http://www.w3.org/1999/xhtml"><p>This value set includes codes based on the following rules:</p><ul/></div></text><url value="https://build.fhir.org/ig/arkhn/arkhn-ig-osiris/ValueSet/VSLocalizationMethod"/><version value="2.1.0"/><name value="VSLocalizationMethod"/><title value="Localization Method Value Set"/><status value="draft"/><date value="2024-03-21T14:32:00+00:00"/><publisher value="Arkhn"/><contact><name value="Arkhn"/><telecom><system value="url"/><value value="http://arkhn.com"/></telecom><telecom><system value="email"/><value value="contact@arkhn.com"/></telecom></contact><contact><name value="Nicolas Riss"/><telecom><system value="email"/><value value="nicolas@arkhn.com"/></telecom></contact><description value="Localization Method"/></ValueSet>