<?xml version="1.0" encoding="UTF-8"?><ValueSet xmlns="http://hl7.org/fhir"><id value="RadiomicsFeaturesVS"/><text><status value="generated"/><div xmlns="http://www.w3.org/1999/xhtml"><p>This value set includes codes based on the following rules:</p><ul><li>Include these codes as defined in <a href="CodeSystem-IBSICS.html"><code>https://ibsi.readthedocs.io/en/latest/</code></a><table class="none"><tr><td style="white-space:nowrap"><b>Code</b></td><td><b>Display</b></td></tr><tr><td><a href="CodeSystem-IBSICS.html#IBSICS-MPUJ">MPUJ</a></td><td>grid distances</td></tr><tr><td><a href="CodeSystem-IBSICS.html#IBSICS-5QB6">5QB6</a></td><td>feature aggregation</td></tr><tr><td><a href="CodeSystem-IBSICS.html#IBSICS-6CK8">6CK8</a></td><td>distance weighting</td></tr><tr><td><a href="CodeSystem-IBSICS.html#IBSICS-HCUG">HCUG</a></td><td>Morphological features</td></tr><tr><td><a href="CodeSystem-IBSICS.html#IBSICS-RNU0">RNU0</a></td><td>Volume</td></tr><tr><td><a href="CodeSystem-IBSICS.html#IBSICS-YEKZ">YEKZ</a></td><td>Approximate volume</td></tr><tr><td><a href="CodeSystem-IBSICS.html#IBSICS-C0JK">C0JK</a></td><td>Surface area</td></tr><tr><td><a href="CodeSystem-IBSICS.html#IBSICS-2PR5">2PR5</a></td><td>Surface to volume ratio</td></tr><tr><td><a href="CodeSystem-IBSICS.html#IBSICS-SKGS">SKGS</a></td><td>Compactness 1</td></tr><tr><td><a href="CodeSystem-IBSICS.html#IBSICS-BQWJ">BQWJ</a></td><td>Compactness 2</td></tr><tr><td><a href="CodeSystem-IBSICS.html#IBSICS-KRCK">KRCK</a></td><td>Spherical disproportion</td></tr><tr><td><a href="CodeSystem-IBSICS.html#IBSICS-QCFX">QCFX</a></td><td>Sphericity</td></tr><tr><td><a href="CodeSystem-IBSICS.html#IBSICS-25C7">25C7</a></td><td>Asphericity</td></tr><tr><td><a href="CodeSystem-IBSICS.html#IBSICS-KLMA">KLMA</a></td><td>Centre of mass shift</td></tr><tr><td><a href="CodeSystem-IBSICS.html#IBSICS-L0JK">L0JK</a></td><td>Maximum 3D diameter</td></tr><tr><td><a href="CodeSystem-IBSICS.html#IBSICS-TDIC">TDIC</a></td><td>Major axis length</td></tr><tr><td><a href="CodeSystem-IBSICS.html#IBSICS-P9VJ">P9VJ</a></td><td>Minor axis length</td></tr><tr><td><a href="CodeSystem-IBSICS.html#IBSICS-7J51">7J51</a></td><td>Least axis length</td></tr><tr><td><a href="CodeSystem-IBSICS.html#IBSICS-Q3CK">Q3CK</a></td><td>Elongation</td></tr><tr><td><a href="CodeSystem-IBSICS.html#IBSICS-N17B">N17B</a></td><td>Flatness</td></tr><tr><td><a href="CodeSystem-IBSICS.html#IBSICS-PBX1">PBX1</a></td><td>Volume density - axis-aligned bounding box</td></tr><tr><td><a href="CodeSystem-IBSICS.html#IBSICS-R59B">R59B</a></td><td>Area density - axis-aligned bounding box</td></tr><tr><td><a href="CodeSystem-IBSICS.html#IBSICS-ZH1A">ZH1A</a></td><td>Volume density - oriented minimum bounding box</td></tr><tr><td><a href="CodeSystem-IBSICS.html#IBSICS-IQYR">IQYR</a></td><td>Area density - oriented minimum bounding box</td></tr><tr><td><a href="CodeSystem-IBSICS.html#IBSICS-6BDE">6BDE</a></td><td>Volume density - approximate enclosing ellipsoid</td></tr><tr><td><a href="CodeSystem-IBSICS.html#IBSICS-RDD2">RDD2</a></td><td>Area density - approximate enclosing ellipsoid</td></tr><tr><td><a href="CodeSystem-IBSICS.html#IBSICS-SWZ1">SWZ1</a></td><td>Volume density - minimum volume enclosing ellipsoid</td></tr><tr><td><a href="CodeSystem-IBSICS.html#IBSICS-BRI8">BRI8</a></td><td>Area density - minimum volume enclosing ellipsoid</td></tr><tr><td><a href="CodeSystem-IBSICS.html#IBSICS-R3ER">R3ER</a></td><td>Volume density - convex hull</td></tr><tr><td><a href="CodeSystem-IBSICS.html#IBSICS-7T7F">7T7F</a></td><td>Area density - convex hull</td></tr><tr><td><a href="CodeSystem-IBSICS.html#IBSICS-99N0">99N0</a></td><td>Integrated intensity</td></tr><tr><td><a href="CodeSystem-IBSICS.html#IBSICS-N365">N365</a></td><td>Moran's I index</td></tr><tr><td><a href="CodeSystem-IBSICS.html#IBSICS-NPT7">NPT7</a></td><td>Geary's C measure</td></tr><tr><td><a href="CodeSystem-IBSICS.html#IBSICS-9ST6">9ST6</a></td><td>Local intensity features</td></tr><tr><td><a href="CodeSystem-IBSICS.html#IBSICS-VJGA">VJGA</a></td><td>Local intensity peak</td></tr><tr><td><a href="CodeSystem-IBSICS.html#IBSICS-0F91">0F91</a></td><td>Global intensity peak</td></tr><tr><td><a href="CodeSystem-IBSICS.html#IBSICS-UHIW">UHIW</a></td><td>Intensity-based statistical features</td></tr><tr><td><a href="CodeSystem-IBSICS.html#IBSICS-Q4LE">Q4LE</a></td><td>Mean</td></tr><tr><td><a href="CodeSystem-IBSICS.html#IBSICS-ECT3">ECT3</a></td><td>Variance</td></tr><tr><td><a href="CodeSystem-IBSICS.html#IBSICS-KE2A">KE2A</a></td><td>Skewness</td></tr><tr><td><a href="CodeSystem-IBSICS.html#IBSICS-IPH6">IPH6</a></td><td>Kurtosis</td></tr><tr><td><a href="CodeSystem-IBSICS.html#IBSICS-Y12H">Y12H</a></td><td>Median</td></tr><tr><td><a href="CodeSystem-IBSICS.html#IBSICS-1GSF">1GSF</a></td><td>Minimum grey level</td></tr><tr><td><a href="CodeSystem-IBSICS.html#IBSICS-QG58">QG58</a></td><td>10th percentile</td></tr><tr><td><a href="CodeSystem-IBSICS.html#IBSICS-8DWT">8DWT</a></td><td>90th percentile</td></tr><tr><td><a href="CodeSystem-IBSICS.html#IBSICS-84IY">84IY</a></td><td>Maximum grey level</td></tr><tr><td><a href="CodeSystem-IBSICS.html#IBSICS-SALO">SALO</a></td><td>Interquartile range</td></tr><tr><td><a href="CodeSystem-IBSICS.html#IBSICS-2OJQ">2OJQ</a></td><td>Range</td></tr><tr><td><a href="CodeSystem-IBSICS.html#IBSICS-4FUA">4FUA</a></td><td>Mean absolute deviation</td></tr><tr><td><a href="CodeSystem-IBSICS.html#IBSICS-1128">1128</a></td><td>Robust mean absolute deviation</td></tr><tr><td><a href="CodeSystem-IBSICS.html#IBSICS-N72L">N72L</a></td><td>Median absolute deviation</td></tr><tr><td><a href="CodeSystem-IBSICS.html#IBSICS-7TET">7TET</a></td><td>Coefficient of variation</td></tr><tr><td><a href="CodeSystem-IBSICS.html#IBSICS-9S40">9S40</a></td><td>Quartile coefficient of dispersion</td></tr><tr><td><a href="CodeSystem-IBSICS.html#IBSICS-N8CA">N8CA</a></td><td>Energy</td></tr><tr><td><a href="CodeSystem-IBSICS.html#IBSICS-5ZWQ">5ZWQ</a></td><td>Root mean square</td></tr><tr><td><a href="CodeSystem-IBSICS.html#IBSICS-ZVCW">ZVCW</a></td><td>Intensity histogram features</td></tr><tr><td><a href="CodeSystem-IBSICS.html#IBSICS-X6K6">X6K6</a></td><td>Intensity histogram mean</td></tr><tr><td><a href="CodeSystem-IBSICS.html#IBSICS-CH89">CH89</a></td><td>Intensity histogram variance</td></tr><tr><td><a href="CodeSystem-IBSICS.html#IBSICS-88K1">88K1</a></td><td>Intensity histogram skewness</td></tr><tr><td><a href="CodeSystem-IBSICS.html#IBSICS-C3I7">C3I7</a></td><td>Intensity histogram kurtosis</td></tr><tr><td><a href="CodeSystem-IBSICS.html#IBSICS-WIFQ">WIFQ</a></td><td>Intensity histogram median</td></tr><tr><td><a href="CodeSystem-IBSICS.html#IBSICS-1PR8">1PR8</a></td><td>Intensity histogram minimum grey level</td></tr><tr><td><a href="CodeSystem-IBSICS.html#IBSICS-GPMT">GPMT</a></td><td>Intensity histogram 10th percentile</td></tr><tr><td><a href="CodeSystem-IBSICS.html#IBSICS-OZ0C">OZ0C</a></td><td>Intensity histogram 90th percentile</td></tr><tr><td><a href="CodeSystem-IBSICS.html#IBSICS-3NCY">3NCY</a></td><td>Intensity histogram maximum grey level</td></tr><tr><td><a href="CodeSystem-IBSICS.html#IBSICS-AMMC">AMMC</a></td><td>Intensity histogram mode</td></tr><tr><td><a href="CodeSystem-IBSICS.html#IBSICS-WR0O">WR0O</a></td><td>Intensity histogram interquartile range</td></tr><tr><td><a href="CodeSystem-IBSICS.html#IBSICS-5Z3W">5Z3W</a></td><td>Intensity histogram range</td></tr><tr><td><a href="CodeSystem-IBSICS.html#IBSICS-D2ZX">D2ZX</a></td><td>Intensity histogram mean absolute deviation</td></tr><tr><td><a href="CodeSystem-IBSICS.html#IBSICS-WRZB">WRZB</a></td><td>Intensity histogram robust mean absolute deviation</td></tr><tr><td><a href="CodeSystem-IBSICS.html#IBSICS-4RNL">4RNL</a></td><td>Intensity histogram median absolute deviation</td></tr><tr><td><a href="CodeSystem-IBSICS.html#IBSICS-CWYJ">CWYJ</a></td><td>Intensity histogram coefficient of variation</td></tr><tr><td><a href="CodeSystem-IBSICS.html#IBSICS-SLWD">SLWD</a></td><td>Intensity histogram quartile coefficient of dispersion</td></tr><tr><td><a href="CodeSystem-IBSICS.html#IBSICS-TLU2">TLU2</a></td><td>Intensity histogram entropy</td></tr><tr><td><a href="CodeSystem-IBSICS.html#IBSICS-BJ5W">BJ5W</a></td><td>Intensity histogram uniformity</td></tr><tr><td><a href="CodeSystem-IBSICS.html#IBSICS-12CE">12CE</a></td><td>Maximum histogram gradient</td></tr><tr><td><a href="CodeSystem-IBSICS.html#IBSICS-8E6O">8E6O</a></td><td>Maximum histogram gradient grey level</td></tr><tr><td><a href="CodeSystem-IBSICS.html#IBSICS-VQB3">VQB3</a></td><td>Minimum histogram gradient</td></tr><tr><td><a href="CodeSystem-IBSICS.html#IBSICS-RHQZ">RHQZ</a></td><td>Minimum histogram gradient grey level</td></tr><tr><td><a href="CodeSystem-IBSICS.html#IBSICS-P88C">P88C</a></td><td>Intensity-volume histogram features</td></tr><tr><td><a href="CodeSystem-IBSICS.html#IBSICS-BC2M">BC2M</a></td><td>Volume at intensity fraction</td></tr><tr><td><a href="CodeSystem-IBSICS.html#IBSICS-GBPN">GBPN</a></td><td>Intensity at volume fraction</td></tr><tr><td><a href="CodeSystem-IBSICS.html#IBSICS-DDTU">DDTU</a></td><td>Volume fraction difference between intensity fractions</td></tr><tr><td><a href="CodeSystem-IBSICS.html#IBSICS-CNV2">CNV2</a></td><td>Intensity fraction difference between volume fractions</td></tr><tr><td><a href="CodeSystem-IBSICS.html#IBSICS-9CMM">9CMM</a></td><td>Area under IVH curve</td></tr><tr><td><a href="CodeSystem-IBSICS.html#IBSICS-LFYI">LFYI</a></td><td>Grey level co-occurrence based features</td></tr><tr><td><a href="CodeSystem-IBSICS.html#IBSICS-GYBY">GYBY</a></td><td>Joint maximum</td></tr><tr><td><a href="CodeSystem-IBSICS.html#IBSICS-60VM">60VM</a></td><td>Joint average</td></tr><tr><td><a href="CodeSystem-IBSICS.html#IBSICS-UR99">UR99</a></td><td>Joint variance</td></tr><tr><td><a href="CodeSystem-IBSICS.html#IBSICS-TU9B">TU9B</a></td><td>Joint entropy</td></tr><tr><td><a href="CodeSystem-IBSICS.html#IBSICS-TF7R">TF7R</a></td><td>Difference average</td></tr><tr><td><a href="CodeSystem-IBSICS.html#IBSICS-D3YU">D3YU</a></td><td>Difference variance</td></tr><tr><td><a href="CodeSystem-IBSICS.html#IBSICS-NTRS">NTRS</a></td><td>Difference entropy</td></tr><tr><td><a href="CodeSystem-IBSICS.html#IBSICS-ZGXS">ZGXS</a></td><td>Sum average</td></tr><tr><td><a href="CodeSystem-IBSICS.html#IBSICS-OEEB">OEEB</a></td><td>Sum variance</td></tr><tr><td><a href="CodeSystem-IBSICS.html#IBSICS-P6QZ">P6QZ</a></td><td>Sum entropy</td></tr><tr><td><a href="CodeSystem-IBSICS.html#IBSICS-8ZQL">8ZQL</a></td><td>Angular second moment</td></tr><tr><td><a href="CodeSystem-IBSICS.html#IBSICS-ACUI">ACUI</a></td><td>Contrast</td></tr><tr><td><a href="CodeSystem-IBSICS.html#IBSICS-8S9J">8S9J</a></td><td>Dissimilarity</td></tr><tr><td><a href="CodeSystem-IBSICS.html#IBSICS-IB1Z">IB1Z</a></td><td>Inverse difference</td></tr><tr><td><a href="CodeSystem-IBSICS.html#IBSICS-NDRX">NDRX</a></td><td>Normalised inverse difference</td></tr><tr><td><a href="CodeSystem-IBSICS.html#IBSICS-WF0Z">WF0Z</a></td><td>Inverse difference moment</td></tr><tr><td><a href="CodeSystem-IBSICS.html#IBSICS-1QCO">1QCO</a></td><td>Normalised inverse difference moment</td></tr><tr><td><a href="CodeSystem-IBSICS.html#IBSICS-E8JP">E8JP</a></td><td>Inverse variance</td></tr><tr><td><a href="CodeSystem-IBSICS.html#IBSICS-NI2N">NI2N</a></td><td>Correlation</td></tr><tr><td><a href="CodeSystem-IBSICS.html#IBSICS-QWB0">QWB0</a></td><td>Autocorrelation</td></tr><tr><td><a href="CodeSystem-IBSICS.html#IBSICS-DG8W">DG8W</a></td><td>Cluster tendency</td></tr><tr><td><a href="CodeSystem-IBSICS.html#IBSICS-7NFM">7NFM</a></td><td>Cluster shade</td></tr><tr><td><a href="CodeSystem-IBSICS.html#IBSICS-AE86">AE86</a></td><td>Cluster prominence</td></tr><tr><td><a href="CodeSystem-IBSICS.html#IBSICS-R8DG">R8DG</a></td><td>First measure of information correlation</td></tr><tr><td><a href="CodeSystem-IBSICS.html#IBSICS-JN9H">JN9H</a></td><td>Second measure of information correlation</td></tr><tr><td><a href="CodeSystem-IBSICS.html#IBSICS-TP0I">TP0I</a></td><td>Grey level run length based features</td></tr><tr><td><a href="CodeSystem-IBSICS.html#IBSICS-22OV">22OV</a></td><td>Short runs emphasis</td></tr><tr><td><a href="CodeSystem-IBSICS.html#IBSICS-W4KF">W4KF</a></td><td>Long runs emphasis</td></tr><tr><td><a href="CodeSystem-IBSICS.html#IBSICS-V3SW">V3SW</a></td><td>Low grey level run emphasis</td></tr><tr><td><a href="CodeSystem-IBSICS.html#IBSICS-G3QZ">G3QZ</a></td><td>High grey level run emphasis</td></tr><tr><td><a href="CodeSystem-IBSICS.html#IBSICS-HTZT">HTZT</a></td><td>Short run low grey level emphasis</td></tr><tr><td><a href="CodeSystem-IBSICS.html#IBSICS-GD3A">GD3A</a></td><td>Short run high grey level emphasis</td></tr><tr><td><a href="CodeSystem-IBSICS.html#IBSICS-IVPO">IVPO</a></td><td>Long run low grey level emphasis</td></tr><tr><td><a href="CodeSystem-IBSICS.html#IBSICS-3KUM">3KUM</a></td><td>Long run high grey level emphasis</td></tr><tr><td><a href="CodeSystem-IBSICS.html#IBSICS-R5YN">R5YN</a></td><td>Grey level non-uniformity</td></tr><tr><td><a href="CodeSystem-IBSICS.html#IBSICS-OVBL">OVBL</a></td><td>Normalised grey level non-uniformity</td></tr><tr><td><a href="CodeSystem-IBSICS.html#IBSICS-W92Y">W92Y</a></td><td>Run length non-uniformity</td></tr><tr><td><a href="CodeSystem-IBSICS.html#IBSICS-IC23">IC23</a></td><td>Normalised run length non-uniformity</td></tr><tr><td><a href="CodeSystem-IBSICS.html#IBSICS-9ZK5">9ZK5</a></td><td>Run percentage</td></tr><tr><td><a href="CodeSystem-IBSICS.html#IBSICS-8CE5">8CE5</a></td><td>Grey level variance</td></tr><tr><td><a href="CodeSystem-IBSICS.html#IBSICS-SXLW">SXLW</a></td><td>Run length variance</td></tr><tr><td><a href="CodeSystem-IBSICS.html#IBSICS-HJ9O">HJ9O</a></td><td>Run entropy</td></tr><tr><td><a href="CodeSystem-IBSICS.html#IBSICS-9SAK">9SAK</a></td><td>Grey level size zone based features</td></tr><tr><td><a href="CodeSystem-IBSICS.html#IBSICS-5QRC">5QRC</a></td><td>Small zone emphasis</td></tr><tr><td><a href="CodeSystem-IBSICS.html#IBSICS-48P8">48P8</a></td><td>Large zone emphasis</td></tr><tr><td><a href="CodeSystem-IBSICS.html#IBSICS-XMSY">XMSY</a></td><td>Low grey level zone emphasis</td></tr><tr><td><a href="CodeSystem-IBSICS.html#IBSICS-5GN9">5GN9</a></td><td>High grey level zone emphasis</td></tr><tr><td><a href="CodeSystem-IBSICS.html#IBSICS-5RAI">5RAI</a></td><td>Small zone low grey level emphasis</td></tr><tr><td><a href="CodeSystem-IBSICS.html#IBSICS-HW1V">HW1V</a></td><td>Small zone high grey level emphasis</td></tr><tr><td><a href="CodeSystem-IBSICS.html#IBSICS-YH51">YH51</a></td><td>Large zone low grey level emphasis</td></tr><tr><td><a href="CodeSystem-IBSICS.html#IBSICS-J17V">J17V</a></td><td>Large zone high grey level emphasis</td></tr><tr><td><a href="CodeSystem-IBSICS.html#IBSICS-JNSA">JNSA</a></td><td>Grey level non-uniformity</td></tr><tr><td><a href="CodeSystem-IBSICS.html#IBSICS-Y1RO">Y1RO</a></td><td>Normalised grey level non-uniformity</td></tr><tr><td><a href="CodeSystem-IBSICS.html#IBSICS-4JP3">4JP3</a></td><td>Zone size non-uniformity</td></tr><tr><td><a href="CodeSystem-IBSICS.html#IBSICS-VB3A">VB3A</a></td><td>Normalised zone size non-uniformity</td></tr><tr><td><a href="CodeSystem-IBSICS.html#IBSICS-P30P">P30P</a></td><td>Zone percentage</td></tr><tr><td><a href="CodeSystem-IBSICS.html#IBSICS-BYLV">BYLV</a></td><td>Grey level variance</td></tr><tr><td><a href="CodeSystem-IBSICS.html#IBSICS-3NSA">3NSA</a></td><td>Zone size variance</td></tr><tr><td><a href="CodeSystem-IBSICS.html#IBSICS-GU8N">GU8N</a></td><td>Zone size entropy</td></tr><tr><td><a href="CodeSystem-IBSICS.html#IBSICS-VMDZ">VMDZ</a></td><td>Grey level distance zone based features</td></tr><tr><td><a href="CodeSystem-IBSICS.html#IBSICS-0GBI">0GBI</a></td><td>Small distance emphasis</td></tr><tr><td><a href="CodeSystem-IBSICS.html#IBSICS-MB4I">MB4I</a></td><td>Large distance emphasis</td></tr><tr><td><a href="CodeSystem-IBSICS.html#IBSICS-S1RA">S1RA</a></td><td>Low grey level zone emphasis</td></tr><tr><td><a href="CodeSystem-IBSICS.html#IBSICS-K26C">K26C</a></td><td>High grey level zone emphasis</td></tr><tr><td><a href="CodeSystem-IBSICS.html#IBSICS-RUVG">RUVG</a></td><td>Small distance low grey level emphasis</td></tr><tr><td><a href="CodeSystem-IBSICS.html#IBSICS-DKNJ">DKNJ</a></td><td>Small distance high grey level emphasis</td></tr><tr><td><a href="CodeSystem-IBSICS.html#IBSICS-A7WM">A7WM</a></td><td>Large distance low grey level emphasis</td></tr><tr><td><a href="CodeSystem-IBSICS.html#IBSICS-KLTH">KLTH</a></td><td>Large distance high grey level emphasis</td></tr><tr><td><a href="CodeSystem-IBSICS.html#IBSICS-VFT7">VFT7</a></td><td>Grey level non-uniformity</td></tr><tr><td><a href="CodeSystem-IBSICS.html#IBSICS-7HP3">7HP3</a></td><td>Normalised grey level non-uniformity</td></tr><tr><td><a href="CodeSystem-IBSICS.html#IBSICS-V294">V294</a></td><td>Zone distance non-uniformity</td></tr><tr><td><a href="CodeSystem-IBSICS.html#IBSICS-IATH">IATH</a></td><td>Zone distance non-uniformity normalised</td></tr><tr><td><a href="CodeSystem-IBSICS.html#IBSICS-VIWW">VIWW</a></td><td>Zone percentage</td></tr><tr><td><a href="CodeSystem-IBSICS.html#IBSICS-QK93">QK93</a></td><td>Grey level variance</td></tr><tr><td><a href="CodeSystem-IBSICS.html#IBSICS-7WT1">7WT1</a></td><td>Zone distance variance</td></tr><tr><td><a href="CodeSystem-IBSICS.html#IBSICS-GBDU">GBDU</a></td><td>Zone distance entropy</td></tr><tr><td><a href="CodeSystem-IBSICS.html#IBSICS-IPET">IPET</a></td><td>Neighbourhood grey tone difference based features</td></tr><tr><td><a href="CodeSystem-IBSICS.html#IBSICS-QCDE">QCDE</a></td><td>Coarseness</td></tr><tr><td><a href="CodeSystem-IBSICS.html#IBSICS-65HE">65HE</a></td><td>Contrast</td></tr><tr><td><a href="CodeSystem-IBSICS.html#IBSICS-NQ30">NQ30</a></td><td>Busyness</td></tr><tr><td><a href="CodeSystem-IBSICS.html#IBSICS-HDEZ">HDEZ</a></td><td>Complexity</td></tr><tr><td><a href="CodeSystem-IBSICS.html#IBSICS-1X9X">1X9X</a></td><td>Strength</td></tr><tr><td><a href="CodeSystem-IBSICS.html#IBSICS-REK0">REK0</a></td><td>Neighbouring grey level dependence based features</td></tr><tr><td><a href="CodeSystem-IBSICS.html#IBSICS-SODN">SODN</a></td><td>Low dependence emphasis</td></tr><tr><td><a href="CodeSystem-IBSICS.html#IBSICS-IMOQ">IMOQ</a></td><td>High dependence emphasis</td></tr><tr><td><a href="CodeSystem-IBSICS.html#IBSICS-TL9H">TL9H</a></td><td>Low grey level count emphasis</td></tr><tr><td><a href="CodeSystem-IBSICS.html#IBSICS-OAE7">OAE7</a></td><td>High grey level count emphasis</td></tr><tr><td><a href="CodeSystem-IBSICS.html#IBSICS-EQ3F">EQ3F</a></td><td>Low dependence low grey level emphasis</td></tr><tr><td><a href="CodeSystem-IBSICS.html#IBSICS-JA6D">JA6D</a></td><td>Low dependence high grey level emphasis</td></tr><tr><td><a href="CodeSystem-IBSICS.html#IBSICS-NBZI">NBZI</a></td><td>High dependence low grey level emphasis</td></tr><tr><td><a href="CodeSystem-IBSICS.html#IBSICS-9QMG">9QMG</a></td><td>High dependence high grey level emphasis</td></tr><tr><td><a href="CodeSystem-IBSICS.html#IBSICS-FP8K">FP8K</a></td><td>Grey level non-uniformity</td></tr><tr><td><a href="CodeSystem-IBSICS.html#IBSICS-5SPA">5SPA</a></td><td>Normalised grey level non-uniformity</td></tr><tr><td><a href="CodeSystem-IBSICS.html#IBSICS-Z87G">Z87G</a></td><td>Dependence count non-uniformity</td></tr><tr><td><a href="CodeSystem-IBSICS.html#IBSICS-OKJI">OKJI</a></td><td>Dependence count non-uniformity normalised</td></tr><tr><td><a href="CodeSystem-IBSICS.html#IBSICS-6XV8">6XV8</a></td><td>Dependence count percentage</td></tr><tr><td><a href="CodeSystem-IBSICS.html#IBSICS-1PFV">1PFV</a></td><td>Grey level variance</td></tr><tr><td><a href="CodeSystem-IBSICS.html#IBSICS-DNX2">DNX2</a></td><td>Dependence count variance</td></tr><tr><td><a href="CodeSystem-IBSICS.html#IBSICS-FCBV">FCBV</a></td><td>Dependence count entropy</td></tr><tr><td><a href="CodeSystem-IBSICS.html#IBSICS-CAS9">CAS9</a></td><td>Dependence count energy</td></tr></table></li><li>Include these codes as defined in <a href="http://terminology.hl7.org/5.3.0/CodeSystem-umls.html"><code>http://terminology.hl7.org/CodeSystem/umls</code></a><table class="none"><tr><td style="white-space:nowrap"><b>Code</b></td><td><b>Display</b></td></tr><tr><td>C0439673</td><td>Unknown</td></tr></table></li></ul></div></text><url value="https://build.fhir.org/ig/arkhn/arkhn-ig-osiris/ValueSet/RadiomicsFeaturesVS"/><version value="2.1.0"/><name value="RadiomicsFeaturesVS"/><title value="Radiomic Features Value Set"/><status value="draft"/><date value="2024-03-21T14:32:00+00:00"/><publisher value="Arkhn"/><contact><name value="Arkhn"/><telecom><system value="url"/><value value="http://arkhn.com"/></telecom><telecom><system value="email"/><value value="contact@arkhn.com"/></telecom></contact><contact><name value="Nicolas Riss"/><telecom><system value="email"/><value value="nicolas@arkhn.com"/></telecom></contact><description value="Radiomic Features"/><compose><include><system value="https://ibsi.readthedocs.io/en/latest/"/><concept><code value="MPUJ"/><display value="grid distances"/></concept><concept><code value="5QB6"/><display value="feature aggregation"/></concept><concept><code value="6CK8"/><display value="distance weighting"/></concept><concept><code value="HCUG"/><display value="Morphological features"/></concept><concept><code value="RNU0"/><display value="Volume"/></concept><concept><code value="YEKZ"/><display value="Approximate volume"/></concept><concept><code value="C0JK"/><display value="Surface area"/></concept><concept><code value="2PR5"/><display value="Surface to volume ratio"/></concept><concept><code value="SKGS"/><display value="Compactness 1"/></concept><concept><code value="BQWJ"/><display value="Compactness 2"/></concept><concept><code value="KRCK"/><display value="Spherical disproportion"/></concept><concept><code value="QCFX"/><display value="Sphericity"/></concept><concept><code value="25C7"/><display value="Asphericity"/></concept><concept><code value="KLMA"/><display value="Centre of mass shift"/></concept><concept><code value="L0JK"/><display value="Maximum 3D diameter"/></concept><concept><code value="TDIC"/><display value="Major axis length"/></concept><concept><code value="P9VJ"/><display value="Minor axis length"/></concept><concept><code value="7J51"/><display value="Least axis length"/></concept><concept><code value="Q3CK"/><display value="Elongation"/></concept><concept><code value="N17B"/><display value="Flatness"/></concept><concept><code value="PBX1"/><display value="Volume density - axis-aligned bounding box"/></concept><concept><code value="R59B"/><display value="Area density - axis-aligned bounding box"/></concept><concept><code value="ZH1A"/><display value="Volume density - oriented minimum bounding box"/></concept><concept><code value="IQYR"/><display value="Area density - oriented minimum bounding box"/></concept><concept><code value="6BDE"/><display value="Volume density - approximate enclosing ellipsoid"/></concept><concept><code value="RDD2"/><display value="Area density - approximate enclosing ellipsoid"/></concept><concept><code value="SWZ1"/><display value="Volume density - minimum volume enclosing ellipsoid"/></concept><concept><code value="BRI8"/><display value="Area density - minimum volume enclosing ellipsoid"/></concept><concept><code value="R3ER"/><display value="Volume density - convex hull"/></concept><concept><code value="7T7F"/><display value="Area density - convex hull"/></concept><concept><code value="99N0"/><display value="Integrated intensity"/></concept><concept><code value="N365"/><display value="Moran's I index"/></concept><concept><code value="NPT7"/><display value="Geary's C measure"/></concept><concept><code value="9ST6"/><display value="Local intensity features"/></concept><concept><code value="VJGA"/><display value="Local intensity peak"/></concept><concept><code value="0F91"/><display value="Global intensity peak"/></concept><concept><code value="UHIW"/><display value="Intensity-based statistical features"/></concept><concept><code value="Q4LE"/><display value="Mean"/></concept><concept><code value="ECT3"/><display value="Variance"/></concept><concept><code value="KE2A"/><display value="Skewness"/></concept><concept><code value="IPH6"/><display value="Kurtosis"/></concept><concept><code value="Y12H"/><display value="Median"/></concept><concept><code value="1GSF"/><display value="Minimum grey level"/></concept><concept><code value="QG58"/><display value="10th percentile"/></concept><concept><code value="8DWT"/><display value="90th percentile"/></concept><concept><code value="84IY"/><display value="Maximum grey level"/></concept><concept><code value="SALO"/><display value="Interquartile range"/></concept><concept><code value="2OJQ"/><display value="Range"/></concept><concept><code value="4FUA"/><display value="Mean absolute deviation"/></concept><concept><code value="1128"/><display value="Robust mean absolute deviation"/></concept><concept><code value="N72L"/><display value="Median absolute deviation"/></concept><concept><code value="7TET"/><display value="Coefficient of variation"/></concept><concept><code value="9S40"/><display value="Quartile coefficient of dispersion"/></concept><concept><code value="N8CA"/><display value="Energy"/></concept><concept><code value="5ZWQ"/><display value="Root mean square"/></concept><concept><code value="ZVCW"/><display value="Intensity histogram features"/></concept><concept><code value="X6K6"/><display value="Intensity histogram mean"/></concept><concept><code value="CH89"/><display value="Intensity histogram variance"/></concept><concept><code value="88K1"/><display value="Intensity histogram skewness"/></concept><concept><code value="C3I7"/><display value="Intensity histogram kurtosis"/></concept><concept><code value="WIFQ"/><display value="Intensity histogram median"/></concept><concept><code value="1PR8"/><display value="Intensity histogram minimum grey level"/></concept><concept><code value="GPMT"/><display value="Intensity histogram 10th percentile"/></concept><concept><code value="OZ0C"/><display value="Intensity histogram 90th percentile"/></concept><concept><code value="3NCY"/><display value="Intensity histogram maximum grey level"/></concept><concept><code value="AMMC"/><display value="Intensity histogram mode"/></concept><concept><code value="WR0O"/><display value="Intensity histogram interquartile range"/></concept><concept><code value="5Z3W"/><display value="Intensity histogram range"/></concept><concept><code value="D2ZX"/><display value="Intensity histogram mean absolute deviation"/></concept><concept><code value="WRZB"/><display value="Intensity histogram robust mean absolute deviation"/></concept><concept><code value="4RNL"/><display value="Intensity histogram median absolute deviation"/></concept><concept><code value="CWYJ"/><display value="Intensity histogram coefficient of variation"/></concept><concept><code value="SLWD"/><display value="Intensity histogram quartile coefficient of dispersion"/></concept><concept><code value="TLU2"/><display value="Intensity histogram entropy"/></concept><concept><code value="BJ5W"/><display value="Intensity histogram uniformity"/></concept><concept><code value="12CE"/><display value="Maximum histogram gradient"/></concept><concept><code value="8E6O"/><display value="Maximum histogram gradient grey level"/></concept><concept><code value="VQB3"/><display value="Minimum histogram gradient"/></concept><concept><code value="RHQZ"/><display value="Minimum histogram gradient grey level"/></concept><concept><code value="P88C"/><display value="Intensity-volume histogram features"/></concept><concept><code value="BC2M"/><display value="Volume at intensity fraction"/></concept><concept><code value="GBPN"/><display value="Intensity at volume fraction"/></concept><concept><code value="DDTU"/><display value="Volume fraction difference between intensity fractions"/></concept><concept><code value="CNV2"/><display value="Intensity fraction difference between volume fractions"/></concept><concept><code value="9CMM"/><display value="Area under IVH curve"/></concept><concept><code value="LFYI"/><display value="Grey level co-occurrence based features"/></concept><concept><code value="GYBY"/><display value="Joint maximum"/></concept><concept><code value="60VM"/><display value="Joint average"/></concept><concept><code value="UR99"/><display value="Joint variance"/></concept><concept><code value="TU9B"/><display value="Joint entropy"/></concept><concept><code value="TF7R"/><display value="Difference average"/></concept><concept><code value="D3YU"/><display value="Difference variance"/></concept><concept><code value="NTRS"/><display value="Difference entropy"/></concept><concept><code value="ZGXS"/><display value="Sum average"/></concept><concept><code value="OEEB"/><display value="Sum variance"/></concept><concept><code value="P6QZ"/><display value="Sum entropy"/></concept><concept><code value="8ZQL"/><display value="Angular second moment"/></concept><concept><code value="ACUI"/><display value="Contrast"/></concept><concept><code value="8S9J"/><display value="Dissimilarity"/></concept><concept><code value="IB1Z"/><display value="Inverse difference"/></concept><concept><code value="NDRX"/><display value="Normalised inverse difference"/></concept><concept><code value="WF0Z"/><display value="Inverse difference moment"/></concept><concept><code value="1QCO"/><display value="Normalised inverse difference moment"/></concept><concept><code value="E8JP"/><display value="Inverse variance"/></concept><concept><code value="NI2N"/><display value="Correlation"/></concept><concept><code value="QWB0"/><display value="Autocorrelation"/></concept><concept><code value="DG8W"/><display value="Cluster tendency"/></concept><concept><code value="7NFM"/><display value="Cluster shade"/></concept><concept><code value="AE86"/><display value="Cluster prominence"/></concept><concept><code value="R8DG"/><display value="First measure of information correlation"/></concept><concept><code value="JN9H"/><display value="Second measure of information correlation"/></concept><concept><code value="TP0I"/><display value="Grey level run length based features"/></concept><concept><code value="22OV"/><display value="Short runs emphasis"/></concept><concept><code value="W4KF"/><display value="Long runs emphasis"/></concept><concept><code value="V3SW"/><display value="Low grey level run emphasis"/></concept><concept><code value="G3QZ"/><display value="High grey level run emphasis"/></concept><concept><code value="HTZT"/><display value="Short run low grey level emphasis"/></concept><concept><code value="GD3A"/><display value="Short run high grey level emphasis"/></concept><concept><code value="IVPO"/><display value="Long run low grey level emphasis"/></concept><concept><code value="3KUM"/><display value="Long run high grey level emphasis"/></concept><concept><code value="R5YN"/><display value="Grey level non-uniformity"/></concept><concept><code value="OVBL"/><display value="Normalised grey level non-uniformity"/></concept><concept><code value="W92Y"/><display value="Run length non-uniformity"/></concept><concept><code value="IC23"/><display value="Normalised run length non-uniformity"/></concept><concept><code value="9ZK5"/><display value="Run percentage"/></concept><concept><code value="8CE5"/><display value="Grey level variance"/></concept><concept><code value="SXLW"/><display value="Run length variance"/></concept><concept><code value="HJ9O"/><display value="Run entropy"/></concept><concept><code value="9SAK"/><display value="Grey level size zone based features"/></concept><concept><code value="5QRC"/><display value="Small zone emphasis"/></concept><concept><code value="48P8"/><display value="Large zone emphasis"/></concept><concept><code value="XMSY"/><display value="Low grey level zone emphasis"/></concept><concept><code value="5GN9"/><display value="High grey level zone emphasis"/></concept><concept><code value="5RAI"/><display value="Small zone low grey level emphasis"/></concept><concept><code value="HW1V"/><display value="Small zone high grey level emphasis"/></concept><concept><code value="YH51"/><display value="Large zone low grey level emphasis"/></concept><concept><code value="J17V"/><display value="Large zone high grey level emphasis"/></concept><concept><code value="JNSA"/><display value="Grey level non-uniformity"/></concept><concept><code value="Y1RO"/><display value="Normalised grey level non-uniformity"/></concept><concept><code value="4JP3"/><display value="Zone size non-uniformity"/></concept><concept><code value="VB3A"/><display value="Normalised zone size non-uniformity"/></concept><concept><code value="P30P"/><display value="Zone percentage"/></concept><concept><code value="BYLV"/><display value="Grey level variance"/></concept><concept><code value="3NSA"/><display value="Zone size variance"/></concept><concept><code value="GU8N"/><display value="Zone size entropy"/></concept><concept><code value="VMDZ"/><display value="Grey level distance zone based features"/></concept><concept><code value="0GBI"/><display value="Small distance emphasis"/></concept><concept><code value="MB4I"/><display value="Large distance emphasis"/></concept><concept><code value="S1RA"/><display value="Low grey level zone emphasis"/></concept><concept><code value="K26C"/><display value="High grey level zone emphasis"/></concept><concept><code value="RUVG"/><display value="Small distance low grey level emphasis"/></concept><concept><code value="DKNJ"/><display value="Small distance high grey level emphasis"/></concept><concept><code value="A7WM"/><display value="Large distance low grey level emphasis"/></concept><concept><code value="KLTH"/><display value="Large distance high grey level emphasis"/></concept><concept><code value="VFT7"/><display value="Grey level non-uniformity"/></concept><concept><code value="7HP3"/><display value="Normalised grey level non-uniformity"/></concept><concept><code value="V294"/><display value="Zone distance non-uniformity"/></concept><concept><code value="IATH"/><display value="Zone distance non-uniformity normalised"/></concept><concept><code value="VIWW"/><display value="Zone percentage"/></concept><concept><code value="QK93"/><display value="Grey level variance"/></concept><concept><code value="7WT1"/><display value="Zone distance variance"/></concept><concept><code value="GBDU"/><display value="Zone distance entropy"/></concept><concept><code value="IPET"/><display value="Neighbourhood grey tone difference based features"/></concept><concept><code value="QCDE"/><display value="Coarseness"/></concept><concept><code value="65HE"/><display value="Contrast"/></concept><concept><code value="NQ30"/><display value="Busyness"/></concept><concept><code value="HDEZ"/><display value="Complexity"/></concept><concept><code value="1X9X"/><display value="Strength"/></concept><concept><code value="REK0"/><display value="Neighbouring grey level dependence based features"/></concept><concept><code value="SODN"/><display value="Low dependence emphasis"/></concept><concept><code value="IMOQ"/><display value="High dependence emphasis"/></concept><concept><code value="TL9H"/><display value="Low grey level count emphasis"/></concept><concept><code value="OAE7"/><display value="High grey level count emphasis"/></concept><concept><code value="EQ3F"/><display value="Low dependence low grey level emphasis"/></concept><concept><code value="JA6D"/><display value="Low dependence high grey level emphasis"/></concept><concept><code value="NBZI"/><display value="High dependence low grey level emphasis"/></concept><concept><code value="9QMG"/><display value="High dependence high grey level emphasis"/></concept><concept><code value="FP8K"/><display value="Grey level non-uniformity"/></concept><concept><code value="5SPA"/><display value="Normalised grey level non-uniformity"/></concept><concept><code value="Z87G"/><display value="Dependence count non-uniformity"/></concept><concept><code value="OKJI"/><display value="Dependence count non-uniformity normalised"/></concept><concept><code value="6XV8"/><display value="Dependence count percentage"/></concept><concept><code value="1PFV"/><display value="Grey level variance"/></concept><concept><code value="DNX2"/><display value="Dependence count variance"/></concept><concept><code value="FCBV"/><display value="Dependence count entropy"/></concept><concept><code value="CAS9"/><display value="Dependence count energy"/></concept></include><include><system value="http://terminology.hl7.org/CodeSystem/umls"/><concept><code value="C0439673"/><display value="Unknown"/></concept></include></compose></ValueSet>