<?xml version="1.0" encoding="UTF-8"?><ValueSet xmlns="http://hl7.org/fhir"><id value="TreatmentType"/><text><status value="generated"/><div xmlns="http://www.w3.org/1999/xhtml"><ul><li>Include these codes as defined in <a href="http://terminology.hl7.org/5.3.0/CodeSystem-umls.html"><code>http://terminology.hl7.org/CodeSystem/umls</code></a><table class="none"><tr><td style="white-space:nowrap"><b>Code</b></td><td><b>Display</b></td></tr><tr><td>C3665472</td><td>Chemotherapy</td></tr><tr><td>C0279025</td><td>Hormone therapy</td></tr><tr><td>C1522449</td><td>Therapeutic radiology procedure</td></tr><tr><td>C0728940</td><td>Surgery</td></tr><tr><td>C0006098</td><td>Brachytherapy</td></tr><tr><td>C0021083</td><td>Immunotherapy</td></tr><tr><td>C0005961</td><td>Bone marrow transplant</td></tr><tr><td>C0279694</td><td>Monoclonal antibody</td></tr><tr><td>C93352</td><td>Target therapy</td></tr><tr><td>C0439673</td><td>Unknown</td></tr></table></li></ul></div></text><url value="https://build.fhir.org/ig/arkhn/arkhn-ig-osiris/ValueSet/TreatmentType"/><version value="2.1.0"/><name value="TreatmentType"/><title value="Treatment Type Value Set"/><status value="draft"/><date value="2024-03-21T14:32:00+00:00"/><publisher value="Arkhn"/><contact><name value="Arkhn"/><telecom><system value="url"/><value value="http://arkhn.com"/></telecom><telecom><system value="email"/><value value="contact@arkhn.com"/></telecom></contact><contact><name value="Nicolas Riss"/><telecom><system value="email"/><value value="nicolas@arkhn.com"/></telecom></contact><description value="Treatment type"/><compose><include><system value="http://terminology.hl7.org/CodeSystem/umls"/><concept><code value="C3665472"/><display value="Chemotherapy"/></concept><concept><code value="C0279025"/><display value="Hormone therapy"/></concept><concept><code value="C1522449"/><display value="Therapeutic radiology procedure"/></concept><concept><code value="C0728940"/><display value="Surgery"/></concept><concept><code value="C0006098"/><display value="Brachytherapy"/></concept><concept><code value="C0021083"/><display value="Immunotherapy"/></concept><concept><code value="C0005961"/><display value="Bone marrow transplant"/></concept><concept><code value="C0279694"/><display value="Monoclonal antibody"/></concept><concept><code value="C93352"/><display value="Target therapy"/></concept><concept><code value="C0439673"/><display value="Unknown"/></concept></include></compose></ValueSet>