<?xml version="1.0" encoding="UTF-8"?><ValueSet xmlns="http://hl7.org/fhir"><id value="mcode-radiotherapy-treatment-location-qualifier-vs"/><text><status value="generated"/><div xmlns="http://www.w3.org/1999/xhtml"><ul><li>Include these codes as defined in <a href="http://www.snomed.org/"><code>http://snomed.info/sct</code></a><table class="none"><tr><td style="white-space:nowrap"><b>Code</b></td><td><b>Display</b></td></tr><tr><td><a href="CodeSystem-SnomedCS.html#SnomedCS-277733009">277733009</a></td><td>Level 1 (qualifier value)</td></tr><tr><td><a href="CodeSystem-SnomedCS.html#SnomedCS-277734003">277734003</a></td><td>Level 2 (qualifier value)</td></tr><tr><td><a href="CodeSystem-SnomedCS.html#SnomedCS-277735002">277735002</a></td><td>Level 3 (qualifier value)</td></tr><tr><td><a href="CodeSystem-SnomedCS.html#SnomedCS-261089000">261089000</a></td><td>Inferior (qualifier value)</td></tr><tr><td><a href="CodeSystem-SnomedCS.html#SnomedCS-264217000">264217000</a></td><td>Superior (qualifier value)</td></tr><tr><td><a href="CodeSystem-SnomedCS.html#SnomedCS-261183002">261183002</a></td><td>Upper (qualifier value)</td></tr><tr><td><a href="CodeSystem-SnomedCS.html#SnomedCS-261122009">261122009</a></td><td>Lower (qualifier value)</td></tr><tr><td><a href="CodeSystem-SnomedCS.html#SnomedCS-260528009">260528009</a></td><td>Middle (qualifier value)</td></tr><tr><td><a href="CodeSystem-SnomedCS.html#SnomedCS-46053002">46053002</a></td><td>Distal (qualifier value)</td></tr><tr><td><a href="CodeSystem-SnomedCS.html#SnomedCS-40415009">40415009</a></td><td>Proximal (qualifier value)</td></tr><tr><td><a href="CodeSystem-SnomedCS.html#SnomedCS-255503000">255503000</a></td><td>Entire (qualifier value)</td></tr><tr><td><a href="CodeSystem-SnomedCS.html#SnomedCS-255609007">255609007</a></td><td>Partial (qualifier value)</td></tr><tr><td><a href="CodeSystem-SnomedCS.html#SnomedCS-7771000">7771000</a></td><td>Left (qualifier value)</td></tr><tr><td><a href="CodeSystem-SnomedCS.html#SnomedCS-24028007">24028007</a></td><td>Right (qualifier value)</td></tr><tr><td><a href="CodeSystem-SnomedCS.html#SnomedCS-51440002">51440002</a></td><td>Right and left (qualifier value)</td></tr><tr><td><a href="CodeSystem-SnomedCS.html#SnomedCS-14414005">14414005</a></td><td>Peripheral (qualifier value)</td></tr><tr><td><a href="CodeSystem-SnomedCS.html#SnomedCS-26216008">26216008</a></td><td>Central (qualifier value)</td></tr><tr><td><a href="CodeSystem-SnomedCS.html#SnomedCS-260235002">260235002</a></td><td>Core (qualifier value)</td></tr><tr><td><a href="CodeSystem-SnomedCS.html#SnomedCS-410679008">410679008</a></td><td>Surface (qualifier value)</td></tr><tr><td><a href="CodeSystem-SnomedCS.html#SnomedCS-260521003">260521003</a></td><td>Internal (qualifier value)</td></tr><tr><td><a href="CodeSystem-SnomedCS.html#SnomedCS-261074009">261074009</a></td><td>External (qualifier value)</td></tr><tr><td><a href="CodeSystem-SnomedCS.html#SnomedCS-261115001">261115001</a></td><td>Laryngeal (qualifier value)</td></tr><tr><td><a href="CodeSystem-SnomedCS.html#SnomedCS-260548002">260548002</a></td><td>Oral (qualifier value)</td></tr><tr><td><a href="CodeSystem-SnomedCS.html#SnomedCS-18769003">18769003</a></td><td>Adjacent</td></tr><tr><td><a href="CodeSystem-SnomedCS.html#SnomedCS-1217011006">1217011006</a></td><td>Non-adjacent (qualifier value)</td></tr><tr><td><a href="CodeSystem-SnomedCS.html#SnomedCS-1162616006">1162616006</a></td><td>Lymph node level IA (qualifier value)</td></tr><tr><td><a href="CodeSystem-SnomedCS.html#SnomedCS-1162617002">1162617002</a></td><td>Lymph node level IB (qualifier value)</td></tr><tr><td><a href="CodeSystem-SnomedCS.html#SnomedCS-1162620005">1162620005</a></td><td>Lymph node level IVA (qualifier value)</td></tr><tr><td><a href="CodeSystem-SnomedCS.html#SnomedCS-1162621009">1162621009</a></td><td>Lymph node level IVB (qualifier value)</td></tr><tr><td><a href="CodeSystem-SnomedCS.html#SnomedCS-1162622002">1162622002</a></td><td>Lymph node level VA (qualifier value)</td></tr><tr><td><a href="CodeSystem-SnomedCS.html#SnomedCS-1162623007">1162623007</a></td><td>Lymph node level VB (qualifier value)</td></tr><tr><td><a href="CodeSystem-SnomedCS.html#SnomedCS-1162624001">1162624001</a></td><td>Lymph node level VC (qualifier value)</td></tr><tr><td><a href="CodeSystem-SnomedCS.html#SnomedCS-1162625000">1162625000</a></td><td>Lymph node level VIA (qualifier value)</td></tr><tr><td><a href="CodeSystem-SnomedCS.html#SnomedCS-1162626004">1162626004</a></td><td>Lymph node level VIB (qualifier value)</td></tr><tr><td><a href="CodeSystem-SnomedCS.html#SnomedCS-1162628003">1162628003</a></td><td>Lymph node level VIIA (qualifier value)</td></tr><tr><td><a href="CodeSystem-SnomedCS.html#SnomedCS-1162627008">1162627008</a></td><td>Lymph node level VIIB (qualifier value)</td></tr><tr><td><a href="CodeSystem-SnomedCS.html#SnomedCS-1162618007">1162618007</a></td><td>Lymph node level VIII (qualifier value)</td></tr><tr><td><a href="CodeSystem-SnomedCS.html#SnomedCS-1162619004">1162619004</a></td><td>Lymph node level IX (qualifier value)</td></tr><tr><td><a href="CodeSystem-SnomedCS.html#SnomedCS-1162614009">1162614009</a></td><td>Lymph node level X (qualifier value)</td></tr><tr><td><a href="CodeSystem-SnomedCS.html#SnomedCS-1162615005">1162615005</a></td><td>Lymph node level XA (qualifier value)</td></tr><tr><td><a href="CodeSystem-SnomedCS.html#SnomedCS-1162613003">1162613003</a></td><td>Lymph node level XB (qualifier value)</td></tr></table></li></ul></div></text><url value="https://build.fhir.org/ig/arkhn/arkhn-ig-osiris/ValueSet/mcode-radiotherapy-treatment-location-qualifier-vs"/><version value="2.1.0"/><name value="RadiotherapyTreatmentLocationQualifierVS"/><title value="Radiotherapy Treatment Location Qualifier Value Set"/><status value="draft"/><date value="2024-03-21T14:34:32+00:00"/><publisher value="Arkhn"/><contact><name value="Arkhn"/><telecom><system value="url"/><value value="http://arkhn.com"/></telecom><telecom><system value="email"/><value value="contact@arkhn.com"/></telecom></contact><contact><name value="Nicolas Riss"/><telecom><system value="email"/><value value="nicolas@arkhn.com"/></telecom></contact><description value="Various modifiers that can be applied to body locations where radiotherapy treatments can be directed."/><copyright value="This value set includes content from SNOMED CT, which is copyright © 2002+ International Health Terminology Standards Development Organisation (IHTSDO), and distributed by agreement between IHTSDO and HL7. Implementer use of SNOMED CT is not covered by this agreement"/><compose><include><system value="http://snomed.info/sct"/><concept><code value="277733009"/><display value="Level 1 (qualifier value)"/></concept><concept><code value="277734003"/><display value="Level 2 (qualifier value)"/></concept><concept><code value="277735002"/><display value="Level 3 (qualifier value)"/></concept><concept><code value="261089000"/><display value="Inferior (qualifier value)"/></concept><concept><code value="264217000"/><display value="Superior (qualifier value)"/></concept><concept><code value="261183002"/><display value="Upper (qualifier value)"/></concept><concept><code value="261122009"/><display value="Lower (qualifier value)"/></concept><concept><code value="260528009"/><display value="Middle (qualifier value)"/></concept><concept><code value="46053002"/><display value="Distal (qualifier value)"/></concept><concept><code value="40415009"/><display value="Proximal (qualifier value)"/></concept><concept><code value="255503000"/><display value="Entire (qualifier value)"/></concept><concept><code value="255609007"/><display value="Partial (qualifier value)"/></concept><concept><code value="7771000"/><display value="Left (qualifier value)"/></concept><concept><code value="24028007"/><display value="Right (qualifier value)"/></concept><concept><code value="51440002"/><display value="Right and left (qualifier value)"/></concept><concept><code value="14414005"/><display value="Peripheral (qualifier value)"/></concept><concept><code value="26216008"/><display value="Central (qualifier value)"/></concept><concept><code value="260235002"/><display value="Core (qualifier value)"/></concept><concept><code value="410679008"/><display value="Surface (qualifier value)"/></concept><concept><code value="260521003"/><display value="Internal (qualifier value)"/></concept><concept><code value="261074009"/><display value="External (qualifier value)"/></concept><concept><code value="261115001"/><display value="Laryngeal (qualifier value)"/></concept><concept><code value="260548002"/><display value="Oral (qualifier value)"/></concept><concept><code value="18769003"/><display value="Adjacent"/></concept><concept><code value="1217011006"/><display value="Non-adjacent (qualifier value)"/></concept><concept><code value="1162616006"/><display value="Lymph node level IA (qualifier value)"/></concept><concept><code value="1162617002"/><display value="Lymph node level IB (qualifier value)"/></concept><concept><code value="1162620005"/><display value="Lymph node level IVA (qualifier value)"/></concept><concept><code value="1162621009"/><display value="Lymph node level IVB (qualifier value)"/></concept><concept><code value="1162622002"/><display value="Lymph node level VA (qualifier value)"/></concept><concept><code value="1162623007"/><display value="Lymph node level VB (qualifier value)"/></concept><concept><code value="1162624001"/><display value="Lymph node level VC (qualifier value)"/></concept><concept><code value="1162625000"/><display value="Lymph node level VIA (qualifier value)"/></concept><concept><code value="1162626004"/><display value="Lymph node level VIB (qualifier value)"/></concept><concept><code value="1162628003"/><display value="Lymph node level VIIA (qualifier value)"/></concept><concept><code value="1162627008"/><display value="Lymph node level VIIB (qualifier value)"/></concept><concept><code value="1162618007"/><display value="Lymph node level VIII (qualifier value)"/></concept><concept><code value="1162619004"/><display value="Lymph node level IX (qualifier value)"/></concept><concept><code value="1162614009"/><display value="Lymph node level X (qualifier value)"/></concept><concept><code value="1162615005"/><display value="Lymph node level XA (qualifier value)"/></concept><concept><code value="1162613003"/><display value="Lymph node level XB (qualifier value)"/></concept></include></compose></ValueSet>