<?xml version="1.0" encoding="UTF-8"?><ValueSet xmlns="http://hl7.org/fhir"><id value="GenomeEntityType"/><text><status value="generated"/><div xmlns="http://www.w3.org/1999/xhtml"><ul><li>Include these codes as defined in <a href="http://terminology.hl7.org/5.3.0/CodeSystem-umls.html"><code>http://terminology.hl7.org/CodeSystem/umls</code></a><table class="none"><tr><td style="white-space:nowrap"><b>Code</b></td><td><b>Display</b></td></tr><tr><td>C0017337</td><td>Gene</td></tr><tr><td>C1101610</td><td>miRNA</td></tr><tr><td>C1956352</td><td>piRNA</td></tr><tr><td>C0035696</td><td>mRNA</td></tr><tr><td>C0887909</td><td>ncRNA</td></tr><tr><td>C0079941</td><td>ORF</td></tr><tr><td>C0439673</td><td>Unknown</td></tr></table></li></ul></div></text><url value="https://build.fhir.org/ig/arkhn/arkhn-ig-osiris/ValueSet/GenomeEntityType"/><version value="2.1.0"/><name value="GenomeEntityType"/><title value="Genome entity type Value Set"/><status value="draft"/><date value="2024-03-21T14:34:32+00:00"/><publisher value="Arkhn"/><contact><name value="Arkhn"/><telecom><system value="url"/><value value="http://arkhn.com"/></telecom><telecom><system value="email"/><value value="contact@arkhn.com"/></telecom></contact><contact><name value="Nicolas Riss"/><telecom><system value="email"/><value value="nicolas@arkhn.com"/></telecom></contact><description value="Type of genome entity"/><compose><include><system value="http://terminology.hl7.org/CodeSystem/umls"/><concept><code value="C0017337"/><display value="Gene"/></concept><concept><code value="C1101610"/><display value="miRNA"/></concept><concept><code value="C1956352"/><display value="piRNA"/></concept><concept><code value="C0035696"/><display value="mRNA"/></concept><concept><code value="C0887909"/><display value="ncRNA"/></concept><concept><code value="C0079941"/><display value="ORF"/></concept><concept><code value="C0439673"/><display value="Unknown"/></concept></include></compose></ValueSet>