{
  "resourceType" : "Procedure",
  "id" : "fhir-osiris-example-surgery-2",
  "meta" : {
    "profile" : ["https://build.fhir.org/ig/arkhn/arkhn-ig-osiris/StructureDefinition/onco-surgery"]
  },
  "text" : {
    "status" : "generated",
    "div" : "<div xmlns=\"http://www.w3.org/1999/xhtml\"><p><b>Generated Narrative: Procedure</b><a name=\"fhir-osiris-example-surgery-2\"> </a><a name=\"hcfhir-osiris-example-surgery-2\"> </a></p><div style=\"display: inline-block; background-color: #d9e0e7; padding: 6px; margin: 4px; border: 1px solid #8da1b4; border-radius: 5px; line-height: 60%\"><p style=\"margin-bottom: 0px\">Resource Procedure &quot;fhir-osiris-example-surgery-2&quot; </p><p style=\"margin-bottom: 0px\">Profile: <a href=\"StructureDefinition-onco-surgery.html\">Oncology Surgery</a></p></div><p><b>basedOn</b>: <a href=\"CarePlan-fhir-osiris-example-treatment-2.html\">CarePlan/fhir-osiris-example-treatment-2</a></p><p><b>status</b>: completed</p><p><b>category</b>: Unknown <span style=\"background: LightGoldenRodYellow; margin: 4px; border: 1px solid khaki\"> ()</span></p><p><b>subject</b>: <a href=\"Patient-L304.html\">Patient/L304</a></p><p><b>outcome</b>: R1 <span style=\"background: LightGoldenRodYellow; margin: 4px; border: 1px solid khaki\"> (recist.eortc.org#R1)</span></p></div>"
  },
  "basedOn" : [{
    "reference" : "CarePlan/fhir-osiris-example-treatment-2"
  }],
  "status" : "completed",
  "category" : {
    "text" : "Unknown"
  },
  "subject" : {
    "reference" : "Patient/L304"
  },
  "outcome" : {
    "coding" : [{
      "system" : "https://recist.eortc.org",
      "code" : "R1"
    }]
  }
}