{
  "package": "arkhn.fhir.uv.osiris",
  "version": "2.1.0",
  "fhirVersion": "4.0.1",
  "extensions": [
    {
      "url": "https://build.fhir.org/ig/arkhn/arkhn-ig-osiris/StructureDefinition/BasedOnCondition",
      "title": "Based On Condition (Tumor Pathology Event)",
      "types": [
        "Reference",
        "Reference"
      ]
    },
    {
      "url": "https://build.fhir.org/ig/arkhn/arkhn-ig-osiris/StructureDefinition/BiologicalSampleOrigin",
      "title": "Biological Sample Origin",
      "types": [
        "CodeableConcept",
        "CodeableConcept",
        "string",
        "Extension",
        "Coding",
        "string"
      ]
    },
    {
      "url": "https://build.fhir.org/ig/arkhn/arkhn-ig-osiris/StructureDefinition/adverse-event-end-date",
      "title": "Adverse Event End date",
      "types": [
        "dateTime"
      ]
    },
    {
      "url": "https://build.fhir.org/ig/arkhn/arkhn-ig-osiris/StructureDefinition/algorithmName",
      "title": "Algorith mName",
      "types": [
        "string"
      ]
    },
    {
      "url": "https://build.fhir.org/ig/arkhn/arkhn-ig-osiris/StructureDefinition/basedOn",
      "title": "Connection with the imaging module",
      "types": [
        "Reference",
        "string",
        "Reference",
        "base64Binary",
        "boolean",
        "canonical",
        "code",
        "date",
        "dateTime",
        "decimal",
        "id",
        "instant",
        "integer",
        "markdown",
        "oid",
        "positiveInt",
        "string",
        "time",
        "unsignedInt",
        "uri",
        "url",
        "uuid",
        "Address",
        "Age",
        "Annotation",
        "Attachment",
        "CodeableConcept",
        "Coding",
        "ContactPoint",
        "Count",
        "Distance",
        "Duration",
        "HumanName",
        "Identifier",
        "Money",
        "Period",
        "Quantity",
        "Range",
        "Ratio",
        "Reference",
        "SampledData",
        "Signature",
        "Timing",
        "ContactDetail",
        "Contributor",
        "DataRequirement",
        "Expression",
        "ParameterDefinition",
        "RelatedArtifact",
        "TriggerDefinition",
        "UsageContext",
        "Dosage",
        "Meta"
      ]
    },
    {
      "url": "https://build.fhir.org/ig/arkhn/arkhn-ig-osiris/StructureDefinition/doseToVolume",
      "title": "Dose To Volume",
      "types": [
        "Reference",
        "string",
        "unsignedInt",
        "string",
        "string",
        "base64Binary",
        "boolean",
        "canonical",
        "code",
        "date",
        "dateTime",
        "decimal",
        "id",
        "instant",
        "integer",
        "markdown",
        "oid",
        "positiveInt",
        "string",
        "time",
        "unsignedInt",
        "uri",
        "url",
        "uuid",
        "Address",
        "Age",
        "Annotation",
        "Attachment",
        "CodeableConcept",
        "Coding",
        "ContactPoint",
        "Count",
        "Distance",
        "Duration",
        "HumanName",
        "Identifier",
        "Money",
        "Period",
        "Quantity",
        "Range",
        "Ratio",
        "Reference",
        "SampledData",
        "Signature",
        "Timing",
        "ContactDetail",
        "Contributor",
        "DataRequirement",
        "Expression",
        "ParameterDefinition",
        "RelatedArtifact",
        "TriggerDefinition",
        "UsageContext",
        "Dosage",
        "Meta"
      ]
    },
    {
      "url": "https://build.fhir.org/ig/arkhn/arkhn-ig-osiris/StructureDefinition/dueTo-tumor-pathology-event",
      "title": "Tumor Pathology Event Parent",
      "types": [
        "Reference"
      ]
    },
    {
      "url": "https://build.fhir.org/ig/arkhn/arkhn-ig-osiris/StructureDefinition/energyOrIsotope",
      "title": "Energy Or Isotope",
      "types": [
        "Quantity",
        "string",
        "base64Binary",
        "boolean",
        "canonical",
        "code",
        "date",
        "dateTime",
        "decimal",
        "id",
        "instant",
        "integer",
        "markdown",
        "oid",
        "positiveInt",
        "string",
        "time",
        "unsignedInt",
        "uri",
        "url",
        "uuid",
        "Address",
        "Age",
        "Annotation",
        "Attachment",
        "CodeableConcept",
        "Coding",
        "ContactPoint",
        "Count",
        "Distance",
        "Duration",
        "HumanName",
        "Identifier",
        "Money",
        "Period",
        "Quantity",
        "Range",
        "Ratio",
        "Reference",
        "SampledData",
        "Signature",
        "Timing",
        "ContactDetail",
        "Contributor",
        "DataRequirement",
        "Expression",
        "ParameterDefinition",
        "RelatedArtifact",
        "TriggerDefinition",
        "UsageContext",
        "Dosage",
        "Meta"
      ]
    },
    {
      "url": "https://build.fhir.org/ig/arkhn/arkhn-ig-osiris/StructureDefinition/ethnicity",
      "title": "Patient Ethnicity",
      "types": [
        "CodeableConcept"
      ]
    },
    {
      "url": "https://build.fhir.org/ig/arkhn/arkhn-ig-osiris/StructureDefinition/gene-expression-data-type",
      "title": "Gene Expression Data Type",
      "types": [
        "CodeableConcept"
      ]
    },
    {
      "url": "https://build.fhir.org/ig/arkhn/arkhn-ig-osiris/StructureDefinition/genomeentityType",
      "title": "GenomeEntityType",
      "types": [
        "CodeableConcept"
      ]
    },
    {
      "url": "https://build.fhir.org/ig/arkhn/arkhn-ig-osiris/StructureDefinition/histologygrade",
      "title": "Histology",
      "types": [
        "string",
        "string",
        "base64Binary",
        "boolean",
        "canonical",
        "code",
        "date",
        "dateTime",
        "decimal",
        "id",
        "instant",
        "integer",
        "markdown",
        "oid",
        "positiveInt",
        "string",
        "time",
        "unsignedInt",
        "uri",
        "url",
        "uuid",
        "Address",
        "Age",
        "Annotation",
        "Attachment",
        "CodeableConcept",
        "Coding",
        "ContactPoint",
        "Count",
        "Distance",
        "Duration",
        "HumanName",
        "Identifier",
        "Money",
        "Period",
        "Quantity",
        "Range",
        "Ratio",
        "Reference",
        "SampledData",
        "Signature",
        "Timing",
        "ContactDetail",
        "Contributor",
        "DataRequirement",
        "Expression",
        "ParameterDefinition",
        "RelatedArtifact",
        "TriggerDefinition",
        "UsageContext",
        "Dosage",
        "Meta"
      ]
    },
    {
      "url": "https://build.fhir.org/ig/arkhn/arkhn-ig-osiris/StructureDefinition/imaging-settings",
      "title": "Imaging Settings",
      "types": [
        "string",
        "string",
        "integer",
        "integer",
        "integer",
        "Reference",
        "Reference",
        "string",
        "decimal",
        "string",
        "decimal",
        "decimal",
        "decimal",
        "decimal",
        "decimal",
        "string",
        "base64Binary",
        "boolean",
        "canonical",
        "code",
        "date",
        "dateTime",
        "decimal",
        "id",
        "instant",
        "integer",
        "markdown",
        "oid",
        "positiveInt",
        "string",
        "time",
        "unsignedInt",
        "uri",
        "url",
        "uuid",
        "Address",
        "Age",
        "Annotation",
        "Attachment",
        "CodeableConcept",
        "Coding",
        "ContactPoint",
        "Count",
        "Distance",
        "Duration",
        "HumanName",
        "Identifier",
        "Money",
        "Period",
        "Quantity",
        "Range",
        "Ratio",
        "Reference",
        "SampledData",
        "Signature",
        "Timing",
        "ContactDetail",
        "Contributor",
        "DataRequirement",
        "Expression",
        "ParameterDefinition",
        "RelatedArtifact",
        "TriggerDefinition",
        "UsageContext",
        "Dosage",
        "Meta",
        "integer",
        "integer",
        "integer",
        "decimal",
        "string",
        "string",
        "base64Binary",
        "boolean",
        "canonical",
        "code",
        "date",
        "dateTime",
        "decimal",
        "id",
        "instant",
        "integer",
        "markdown",
        "oid",
        "positiveInt",
        "string",
        "time",
        "unsignedInt",
        "uri",
        "url",
        "uuid",
        "Address",
        "Age",
        "Annotation",
        "Attachment",
        "CodeableConcept",
        "Coding",
        "ContactPoint",
        "Count",
        "Distance",
        "Duration",
        "HumanName",
        "Identifier",
        "Money",
        "Period",
        "Quantity",
        "Range",
        "Ratio",
        "Reference",
        "SampledData",
        "Signature",
        "Timing",
        "ContactDetail",
        "Contributor",
        "DataRequirement",
        "Expression",
        "ParameterDefinition",
        "RelatedArtifact",
        "TriggerDefinition",
        "UsageContext",
        "Dosage",
        "Meta",
        "string",
        "string",
        "integer",
        "integer",
        "integer",
        "base64Binary",
        "boolean",
        "canonical",
        "code",
        "date",
        "dateTime",
        "decimal",
        "id",
        "instant",
        "integer",
        "markdown",
        "oid",
        "positiveInt",
        "string",
        "time",
        "unsignedInt",
        "uri",
        "url",
        "uuid",
        "Address",
        "Age",
        "Annotation",
        "Attachment",
        "CodeableConcept",
        "Coding",
        "ContactPoint",
        "Count",
        "Distance",
        "Duration",
        "HumanName",
        "Identifier",
        "Money",
        "Period",
        "Quantity",
        "Range",
        "Ratio",
        "Reference",
        "SampledData",
        "Signature",
        "Timing",
        "ContactDetail",
        "Contributor",
        "DataRequirement",
        "Expression",
        "ParameterDefinition",
        "RelatedArtifact",
        "TriggerDefinition",
        "UsageContext",
        "Dosage",
        "Meta",
        "string",
        "string",
        "string",
        "base64Binary",
        "boolean",
        "canonical",
        "code",
        "date",
        "dateTime",
        "decimal",
        "id",
        "instant",
        "integer",
        "markdown",
        "oid",
        "positiveInt",
        "string",
        "time",
        "unsignedInt",
        "uri",
        "url",
        "uuid",
        "Address",
        "Age",
        "Annotation",
        "Attachment",
        "CodeableConcept",
        "Coding",
        "ContactPoint",
        "Count",
        "Distance",
        "Duration",
        "HumanName",
        "Identifier",
        "Money",
        "Period",
        "Quantity",
        "Range",
        "Ratio",
        "Reference",
        "SampledData",
        "Signature",
        "Timing",
        "ContactDetail",
        "Contributor",
        "DataRequirement",
        "Expression",
        "ParameterDefinition",
        "RelatedArtifact",
        "TriggerDefinition",
        "UsageContext",
        "Dosage",
        "Meta",
        "base64Binary",
        "boolean",
        "canonical",
        "code",
        "date",
        "dateTime",
        "decimal",
        "id",
        "instant",
        "integer",
        "markdown",
        "oid",
        "positiveInt",
        "string",
        "time",
        "unsignedInt",
        "uri",
        "url",
        "uuid",
        "Address",
        "Age",
        "Annotation",
        "Attachment",
        "CodeableConcept",
        "Coding",
        "ContactPoint",
        "Count",
        "Distance",
        "Duration",
        "HumanName",
        "Identifier",
        "Money",
        "Period",
        "Quantity",
        "Range",
        "Ratio",
        "Reference",
        "SampledData",
        "Signature",
        "Timing",
        "ContactDetail",
        "Contributor",
        "DataRequirement",
        "Expression",
        "ParameterDefinition",
        "RelatedArtifact",
        "TriggerDefinition",
        "UsageContext",
        "Dosage",
        "Meta"
      ]
    },
    {
      "url": "https://build.fhir.org/ig/arkhn/arkhn-ig-osiris/StructureDefinition/laterality",
      "title": "Laterality",
      "types": [
        "CodeableConcept"
      ]
    },
    {
      "url": "https://build.fhir.org/ig/arkhn/arkhn-ig-osiris/StructureDefinition/modalityAndTechnique",
      "title": "Modality And Technique",
      "types": [
        "CodeableConcept",
        "CodeableConcept",
        "string",
        "base64Binary",
        "boolean",
        "canonical",
        "code",
        "date",
        "dateTime",
        "decimal",
        "id",
        "instant",
        "integer",
        "markdown",
        "oid",
        "positiveInt",
        "string",
        "time",
        "unsignedInt",
        "uri",
        "url",
        "uuid",
        "Address",
        "Age",
        "Annotation",
        "Attachment",
        "CodeableConcept",
        "Coding",
        "ContactPoint",
        "Count",
        "Distance",
        "Duration",
        "HumanName",
        "Identifier",
        "Money",
        "Period",
        "Quantity",
        "Range",
        "Ratio",
        "Reference",
        "SampledData",
        "Signature",
        "Timing",
        "ContactDetail",
        "Contributor",
        "DataRequirement",
        "Expression",
        "ParameterDefinition",
        "RelatedArtifact",
        "TriggerDefinition",
        "UsageContext",
        "Dosage",
        "Meta"
      ]
    },
    {
      "url": "https://build.fhir.org/ig/arkhn/arkhn-ig-osiris/StructureDefinition/numberOfFractions",
      "title": "Number of Fractions",
      "types": [
        "unsignedInt"
      ]
    },
    {
      "url": "https://build.fhir.org/ig/arkhn/arkhn-ig-osiris/StructureDefinition/numberOfSessions",
      "title": "Number of Sessions",
      "types": [
        "unsignedInt"
      ]
    },
    {
      "url": "https://build.fhir.org/ig/arkhn/arkhn-ig-osiris/StructureDefinition/origin-center",
      "title": "Patient Origin Center",
      "types": [
        "Reference"
      ]
    },
    {
      "url": "https://build.fhir.org/ig/arkhn/arkhn-ig-osiris/StructureDefinition/radiomics-criteria-settings",
      "title": "Radiomics Criteria Settings",
      "types": [
        "Coding",
        "Coding",
        "string",
        "string",
        "base64Binary",
        "boolean",
        "canonical",
        "code",
        "date",
        "dateTime",
        "decimal",
        "id",
        "instant",
        "integer",
        "markdown",
        "oid",
        "positiveInt",
        "string",
        "time",
        "unsignedInt",
        "uri",
        "url",
        "uuid",
        "Address",
        "Age",
        "Annotation",
        "Attachment",
        "CodeableConcept",
        "Coding",
        "ContactPoint",
        "Count",
        "Distance",
        "Duration",
        "HumanName",
        "Identifier",
        "Money",
        "Period",
        "Quantity",
        "Range",
        "Ratio",
        "Reference",
        "SampledData",
        "Signature",
        "Timing",
        "ContactDetail",
        "Contributor",
        "DataRequirement",
        "Expression",
        "ParameterDefinition",
        "RelatedArtifact",
        "TriggerDefinition",
        "UsageContext",
        "Dosage",
        "Meta",
        "Coding",
        "Coding",
        "string",
        "string",
        "base64Binary",
        "boolean",
        "canonical",
        "code",
        "date",
        "dateTime",
        "decimal",
        "id",
        "instant",
        "integer",
        "markdown",
        "oid",
        "positiveInt",
        "string",
        "time",
        "unsignedInt",
        "uri",
        "url",
        "uuid",
        "Address",
        "Age",
        "Annotation",
        "Attachment",
        "CodeableConcept",
        "Coding",
        "ContactPoint",
        "Count",
        "Distance",
        "Duration",
        "HumanName",
        "Identifier",
        "Money",
        "Period",
        "Quantity",
        "Range",
        "Ratio",
        "Reference",
        "SampledData",
        "Signature",
        "Timing",
        "ContactDetail",
        "Contributor",
        "DataRequirement",
        "Expression",
        "ParameterDefinition",
        "RelatedArtifact",
        "TriggerDefinition",
        "UsageContext",
        "Dosage",
        "Meta",
        "string",
        "string",
        "base64Binary",
        "boolean",
        "canonical",
        "code",
        "date",
        "dateTime",
        "decimal",
        "id",
        "instant",
        "integer",
        "markdown",
        "oid",
        "positiveInt",
        "string",
        "time",
        "unsignedInt",
        "uri",
        "url",
        "uuid",
        "Address",
        "Age",
        "Annotation",
        "Attachment",
        "CodeableConcept",
        "Coding",
        "ContactPoint",
        "Count",
        "Distance",
        "Duration",
        "HumanName",
        "Identifier",
        "Money",
        "Period",
        "Quantity",
        "Range",
        "Ratio",
        "Reference",
        "SampledData",
        "Signature",
        "Timing",
        "ContactDetail",
        "Contributor",
        "DataRequirement",
        "Expression",
        "ParameterDefinition",
        "RelatedArtifact",
        "TriggerDefinition",
        "UsageContext",
        "Dosage",
        "Meta",
        "string",
        "string",
        "base64Binary",
        "boolean",
        "canonical",
        "code",
        "date",
        "dateTime",
        "decimal",
        "id",
        "instant",
        "integer",
        "markdown",
        "oid",
        "positiveInt",
        "string",
        "time",
        "unsignedInt",
        "uri",
        "url",
        "uuid",
        "Address",
        "Age",
        "Annotation",
        "Attachment",
        "CodeableConcept",
        "Coding",
        "ContactPoint",
        "Count",
        "Distance",
        "Duration",
        "HumanName",
        "Identifier",
        "Money",
        "Period",
        "Quantity",
        "Range",
        "Ratio",
        "Reference",
        "SampledData",
        "Signature",
        "Timing",
        "ContactDetail",
        "Contributor",
        "DataRequirement",
        "Expression",
        "ParameterDefinition",
        "RelatedArtifact",
        "TriggerDefinition",
        "UsageContext",
        "Dosage",
        "Meta",
        "Coding",
        "Coding",
        "string",
        "string",
        "base64Binary",
        "boolean",
        "canonical",
        "code",
        "date",
        "dateTime",
        "decimal",
        "id",
        "instant",
        "integer",
        "markdown",
        "oid",
        "positiveInt",
        "string",
        "time",
        "unsignedInt",
        "uri",
        "url",
        "uuid",
        "Address",
        "Age",
        "Annotation",
        "Attachment",
        "CodeableConcept",
        "Coding",
        "ContactPoint",
        "Count",
        "Distance",
        "Duration",
        "HumanName",
        "Identifier",
        "Money",
        "Period",
        "Quantity",
        "Range",
        "Ratio",
        "Reference",
        "SampledData",
        "Signature",
        "Timing",
        "ContactDetail",
        "Contributor",
        "DataRequirement",
        "Expression",
        "ParameterDefinition",
        "RelatedArtifact",
        "TriggerDefinition",
        "UsageContext",
        "Dosage",
        "Meta",
        "Coding",
        "Coding",
        "string",
        "string",
        "base64Binary",
        "boolean",
        "canonical",
        "code",
        "date",
        "dateTime",
        "decimal",
        "id",
        "instant",
        "integer",
        "markdown",
        "oid",
        "positiveInt",
        "string",
        "time",
        "unsignedInt",
        "uri",
        "url",
        "uuid",
        "Address",
        "Age",
        "Annotation",
        "Attachment",
        "CodeableConcept",
        "Coding",
        "ContactPoint",
        "Count",
        "Distance",
        "Duration",
        "HumanName",
        "Identifier",
        "Money",
        "Period",
        "Quantity",
        "Range",
        "Ratio",
        "Reference",
        "SampledData",
        "Signature",
        "Timing",
        "ContactDetail",
        "Contributor",
        "DataRequirement",
        "Expression",
        "ParameterDefinition",
        "RelatedArtifact",
        "TriggerDefinition",
        "UsageContext",
        "Dosage",
        "Meta",
        "Coding",
        "Coding",
        "decimal",
        "decimal",
        "base64Binary",
        "boolean",
        "canonical",
        "code",
        "date",
        "dateTime",
        "decimal",
        "id",
        "instant",
        "integer",
        "markdown",
        "oid",
        "positiveInt",
        "string",
        "time",
        "unsignedInt",
        "uri",
        "url",
        "uuid",
        "Address",
        "Age",
        "Annotation",
        "Attachment",
        "CodeableConcept",
        "Coding",
        "ContactPoint",
        "Count",
        "Distance",
        "Duration",
        "HumanName",
        "Identifier",
        "Money",
        "Period",
        "Quantity",
        "Range",
        "Ratio",
        "Reference",
        "SampledData",
        "Signature",
        "Timing",
        "ContactDetail",
        "Contributor",
        "DataRequirement",
        "Expression",
        "ParameterDefinition",
        "RelatedArtifact",
        "TriggerDefinition",
        "UsageContext",
        "Dosage",
        "Meta",
        "string",
        "string",
        "Coding",
        "Coding",
        "decimal",
        "decimal",
        "base64Binary",
        "boolean",
        "canonical",
        "code",
        "date",
        "dateTime",
        "decimal",
        "id",
        "instant",
        "integer",
        "markdown",
        "oid",
        "positiveInt",
        "string",
        "time",
        "unsignedInt",
        "uri",
        "url",
        "uuid",
        "Address",
        "Age",
        "Annotation",
        "Attachment",
        "CodeableConcept",
        "Coding",
        "ContactPoint",
        "Count",
        "Distance",
        "Duration",
        "HumanName",
        "Identifier",
        "Money",
        "Period",
        "Quantity",
        "Range",
        "Ratio",
        "Reference",
        "SampledData",
        "Signature",
        "Timing",
        "ContactDetail",
        "Contributor",
        "DataRequirement",
        "Expression",
        "ParameterDefinition",
        "RelatedArtifact",
        "TriggerDefinition",
        "UsageContext",
        "Dosage",
        "Meta",
        "Coding",
        "Coding",
        "decimal",
        "decimal",
        "base64Binary",
        "boolean",
        "canonical",
        "code",
        "date",
        "dateTime",
        "decimal",
        "id",
        "instant",
        "integer",
        "markdown",
        "oid",
        "positiveInt",
        "string",
        "time",
        "unsignedInt",
        "uri",
        "url",
        "uuid",
        "Address",
        "Age",
        "Annotation",
        "Attachment",
        "CodeableConcept",
        "Coding",
        "ContactPoint",
        "Count",
        "Distance",
        "Duration",
        "HumanName",
        "Identifier",
        "Money",
        "Period",
        "Quantity",
        "Range",
        "Ratio",
        "Reference",
        "SampledData",
        "Signature",
        "Timing",
        "ContactDetail",
        "Contributor",
        "DataRequirement",
        "Expression",
        "ParameterDefinition",
        "RelatedArtifact",
        "TriggerDefinition",
        "UsageContext",
        "Dosage",
        "Meta",
        "string",
        "string",
        "string",
        "string",
        "string",
        "string",
        "Coding",
        "Coding",
        "string",
        "string",
        "base64Binary",
        "boolean",
        "canonical",
        "code",
        "date",
        "dateTime",
        "decimal",
        "id",
        "instant",
        "integer",
        "markdown",
        "oid",
        "positiveInt",
        "string",
        "time",
        "unsignedInt",
        "uri",
        "url",
        "uuid",
        "Address",
        "Age",
        "Annotation",
        "Attachment",
        "CodeableConcept",
        "Coding",
        "ContactPoint",
        "Count",
        "Distance",
        "Duration",
        "HumanName",
        "Identifier",
        "Money",
        "Period",
        "Quantity",
        "Range",
        "Ratio",
        "Reference",
        "SampledData",
        "Signature",
        "Timing",
        "ContactDetail",
        "Contributor",
        "DataRequirement",
        "Expression",
        "ParameterDefinition",
        "RelatedArtifact",
        "TriggerDefinition",
        "UsageContext",
        "Dosage",
        "Meta",
        "base64Binary",
        "boolean",
        "canonical",
        "code",
        "date",
        "dateTime",
        "decimal",
        "id",
        "instant",
        "integer",
        "markdown",
        "oid",
        "positiveInt",
        "string",
        "time",
        "unsignedInt",
        "uri",
        "url",
        "uuid",
        "Address",
        "Age",
        "Annotation",
        "Attachment",
        "CodeableConcept",
        "Coding",
        "ContactPoint",
        "Count",
        "Distance",
        "Duration",
        "HumanName",
        "Identifier",
        "Money",
        "Period",
        "Quantity",
        "Range",
        "Ratio",
        "Reference",
        "SampledData",
        "Signature",
        "Timing",
        "ContactDetail",
        "Contributor",
        "DataRequirement",
        "Expression",
        "ParameterDefinition",
        "RelatedArtifact",
        "TriggerDefinition",
        "UsageContext",
        "Dosage",
        "Meta"
      ]
    },
    {
      "url": "https://build.fhir.org/ig/arkhn/arkhn-ig-osiris/StructureDefinition/radiomics-image-filters-settings",
      "title": "Radiomics Image Filters Settings",
      "types": [
        "string",
        "string",
        "string",
        "string",
        "string",
        "string",
        "string",
        "string",
        "string",
        "string",
        "Coding",
        "Coding",
        "string",
        "base64Binary",
        "boolean",
        "canonical",
        "code",
        "date",
        "dateTime",
        "decimal",
        "id",
        "instant",
        "integer",
        "markdown",
        "oid",
        "positiveInt",
        "string",
        "time",
        "unsignedInt",
        "uri",
        "url",
        "uuid",
        "Address",
        "Age",
        "Annotation",
        "Attachment",
        "CodeableConcept",
        "Coding",
        "ContactPoint",
        "Count",
        "Distance",
        "Duration",
        "HumanName",
        "Identifier",
        "Money",
        "Period",
        "Quantity",
        "Range",
        "Ratio",
        "Reference",
        "SampledData",
        "Signature",
        "Timing",
        "ContactDetail",
        "Contributor",
        "DataRequirement",
        "Expression",
        "ParameterDefinition",
        "RelatedArtifact",
        "TriggerDefinition",
        "UsageContext",
        "Dosage",
        "Meta",
        "string",
        "string",
        "base64Binary",
        "boolean",
        "canonical",
        "code",
        "date",
        "dateTime",
        "decimal",
        "id",
        "instant",
        "integer",
        "markdown",
        "oid",
        "positiveInt",
        "string",
        "time",
        "unsignedInt",
        "uri",
        "url",
        "uuid",
        "Address",
        "Age",
        "Annotation",
        "Attachment",
        "CodeableConcept",
        "Coding",
        "ContactPoint",
        "Count",
        "Distance",
        "Duration",
        "HumanName",
        "Identifier",
        "Money",
        "Period",
        "Quantity",
        "Range",
        "Ratio",
        "Reference",
        "SampledData",
        "Signature",
        "Timing",
        "ContactDetail",
        "Contributor",
        "DataRequirement",
        "Expression",
        "ParameterDefinition",
        "RelatedArtifact",
        "TriggerDefinition",
        "UsageContext",
        "Dosage",
        "Meta"
      ]
    },
    {
      "url": "https://build.fhir.org/ig/arkhn/arkhn-ig-osiris/StructureDefinition/reasonReplanification",
      "title": "Reason Replanification",
      "types": [
        "CodeableConcept"
      ]
    },
    {
      "url": "https://build.fhir.org/ig/arkhn/arkhn-ig-osiris/StructureDefinition/series-weightheigt",
      "title": "Weight and Height at the time of the Serie",
      "types": [
        "decimal",
        "decimal",
        "base64Binary",
        "boolean",
        "canonical",
        "code",
        "date",
        "dateTime",
        "decimal",
        "id",
        "instant",
        "integer",
        "markdown",
        "oid",
        "positiveInt",
        "string",
        "time",
        "unsignedInt",
        "uri",
        "url",
        "uuid",
        "Address",
        "Age",
        "Annotation",
        "Attachment",
        "CodeableConcept",
        "Coding",
        "ContactPoint",
        "Count",
        "Distance",
        "Duration",
        "HumanName",
        "Identifier",
        "Money",
        "Period",
        "Quantity",
        "Range",
        "Ratio",
        "Reference",
        "SampledData",
        "Signature",
        "Timing",
        "ContactDetail",
        "Contributor",
        "DataRequirement",
        "Expression",
        "ParameterDefinition",
        "RelatedArtifact",
        "TriggerDefinition",
        "UsageContext",
        "Dosage",
        "Meta"
      ]
    },
    {
      "url": "https://build.fhir.org/ig/arkhn/arkhn-ig-osiris/StructureDefinition/spanning-pairs",
      "title": "Fusion Spanning Pairs",
      "types": [
        "integer"
      ]
    },
    {
      "url": "https://build.fhir.org/ig/arkhn/arkhn-ig-osiris/StructureDefinition/split-reads",
      "title": "Fusion Split Reads",
      "types": [
        "integer"
      ]
    },
    {
      "url": "https://build.fhir.org/ig/arkhn/arkhn-ig-osiris/StructureDefinition/strand-bias",
      "title": "Strand bias",
      "types": [
        "boolean"
      ]
    },
    {
      "url": "https://build.fhir.org/ig/arkhn/arkhn-ig-osiris/StructureDefinition/treatment-line",
      "title": "Treatment Line Number",
      "types": [
        "integer",
        "integer"
      ]
    },
    {
      "url": "https://build.fhir.org/ig/arkhn/arkhn-ig-osiris/StructureDefinition/treatmentIntent",
      "title": "Treatment Intent",
      "types": [
        "CodeableConcept"
      ]
    },
    {
      "url": "https://build.fhir.org/ig/arkhn/arkhn-ig-osiris/StructureDefinition/treatmentTerminationReason",
      "title": "Treatment Termination Reason",
      "types": [
        "CodeableConcept"
      ]
    }
  ],
  "profiles": {
    "Observation": [
      {
        "url": "https://build.fhir.org/ig/arkhn/arkhn-ig-osiris/StructureDefinition/variant-annotation",
        "title": "Variant Annotation"
      },
      {
        "url": "https://build.fhir.org/ig/arkhn/arkhn-ig-osiris/StructureDefinition/vital-status",
        "title": "Vital Status"
      }
    ],
    "MolecularSequence": [
      {
        "url": "https://build.fhir.org/ig/arkhn/arkhn-ig-osiris/StructureDefinition/molecular-sequence-3-prime",
        "title": "3 Prime Molecular Sequence"
      },
      {
        "url": "https://build.fhir.org/ig/arkhn/arkhn-ig-osiris/StructureDefinition/molecular-sequence-5-prime",
        "title": "5 Prime Molecular Sequence"
      }
    ],
    "ResearchStudy": [
      {
        "url": "https://build.fhir.org/ig/arkhn/arkhn-ig-osiris/StructureDefinition/clinical-trial",
        "title": "Oncology Clinical Trial"
      }
    ],
    "ResearchSubject": [
      {
        "url": "https://build.fhir.org/ig/arkhn/arkhn-ig-osiris/StructureDefinition/clinical-trial-subject",
        "title": "Clinical Trial Subject"
      }
    ],
    "VerificationResult": [
      {
        "url": "https://build.fhir.org/ig/arkhn/arkhn-ig-osiris/StructureDefinition/data-validation",
        "title": "Validation"
      }
    ],
    "FamilyMemberHistory": [
      {
        "url": "https://build.fhir.org/ig/arkhn/arkhn-ig-osiris/StructureDefinition/family-cancer-history",
        "title": "Family Cancer History"
      }
    ],
    "Consent": [
      {
        "url": "https://build.fhir.org/ig/arkhn/arkhn-ig-osiris/StructureDefinition/genetic-consent",
        "title": "Consent for Genetic Data Usage"
      }
    ],
    "Device": [
      {
        "url": "https://build.fhir.org/ig/arkhn/arkhn-ig-osiris/StructureDefinition/sequencing-device",
        "title": "Sequencing Device"
      }
    ],
    "Endpoint": [
      {
        "url": "https://build.fhir.org/ig/arkhn/arkhn-ig-osiris/StructureDefinition/imaging-pacs",
        "title": "Location to the PACS server"
      }
    ],
    "Location": [
      {
        "url": "https://build.fhir.org/ig/arkhn/arkhn-ig-osiris/StructureDefinition/imaging-service",
        "title": "Imaging Service"
      }
    ],
    "AdverseEvent": [
      {
        "url": "https://build.fhir.org/ig/arkhn/arkhn-ig-osiris/StructureDefinition/onco-adverse-event",
        "title": "Oncologic Adverse Event"
      }
    ],
    "Medication": [
      {
        "url": "https://build.fhir.org/ig/arkhn/arkhn-ig-osiris/StructureDefinition/onco-biological-contrast",
        "title": "Imaging Study Injection Contrast"
      }
    ],
    "Specimen": [
      {
        "url": "https://build.fhir.org/ig/arkhn/arkhn-ig-osiris/StructureDefinition/onco-biological-sample",
        "title": "Biological Sample"
      }
    ],
    "ImagingStudy": [
      {
        "url": "https://build.fhir.org/ig/arkhn/arkhn-ig-osiris/StructureDefinition/onco-imagingstudy",
        "title": "Imaging Study"
      }
    ],
    "MedicationAdministration": [
      {
        "url": "https://build.fhir.org/ig/arkhn/arkhn-ig-osiris/StructureDefinition/onco-imagingstudy-injection",
        "title": "Imaging Study Injection"
      }
    ],
    "MedicationStatement": [
      {
        "url": "https://build.fhir.org/ig/arkhn/arkhn-ig-osiris/StructureDefinition/onco-medication-statement",
        "title": "Oncology-related Medication Statement"
      }
    ],
    "Organization": [
      {
        "url": "https://build.fhir.org/ig/arkhn/arkhn-ig-osiris/StructureDefinition/onco-organization",
        "title": "Cancer Organization"
      }
    ],
    "Patient": [
      {
        "url": "https://build.fhir.org/ig/arkhn/arkhn-ig-osiris/StructureDefinition/onco-patient",
        "title": "Oncology Patient"
      }
    ],
    "Procedure": [
      {
        "url": "https://build.fhir.org/ig/arkhn/arkhn-ig-osiris/StructureDefinition/radiotherapy-course-summary",
        "title": "Radiotherapy course Summary"
      },
      {
        "url": "https://build.fhir.org/ig/arkhn/arkhn-ig-osiris/StructureDefinition/radiotherapy-phase",
        "title": "Radiotherapy Phase"
      },
      {
        "url": "https://build.fhir.org/ig/arkhn/arkhn-ig-osiris/StructureDefinition/radiotherapy-plan",
        "title": "Radiotherapy Plan"
      }
    ],
    "BodyStructure": [
      {
        "url": "https://build.fhir.org/ig/arkhn/arkhn-ig-osiris/StructureDefinition/radiotherapy-volume",
        "title": "Radiotherapy Volume Profile"
      }
    ],
    "Condition": [
      {
        "url": "https://build.fhir.org/ig/arkhn/arkhn-ig-osiris/StructureDefinition/tumor-pathology-event",
        "title": "Tumor Pathology Event"
      }
    ],
    "CarePlan": [
      {
        "url": "https://build.fhir.org/ig/arkhn/arkhn-ig-osiris/StructureDefinition/treatment",
        "title": "Treatment"
      }
    ]
  },
  "usage": {
    "http://hl7.org/fhir/StructureDefinition/bodySite": [
      "Observation"
    ],
    "http://hl7.org/fhir/StructureDefinition/condition-dueTo": [
      "Condition"
    ],
    "http://hl7.org/fhir/StructureDefinition/elementdefinition-bestpractice": [
      "StructureDefinition.snapshot.element.constraint"
    ],
    "http://hl7.org/fhir/StructureDefinition/elementdefinition-bestpractice-explanation": [
      "StructureDefinition.snapshot.element.constraint"
    ],
    "http://hl7.org/fhir/StructureDefinition/elementdefinition-bindingName": [
      "StructureDefinition.snapshot.element.binding"
    ],
    "http://hl7.org/fhir/StructureDefinition/elementdefinition-maxValueSet": [
      "StructureDefinition.snapshot.element.binding"
    ],
    "http://hl7.org/fhir/StructureDefinition/elementdefinition-translatable": [
      "StructureDefinition.snapshot.element"
    ],
    "http://hl7.org/fhir/StructureDefinition/observation-secondaryFinding": [
      "Observation"
    ],
    "http://hl7.org/fhir/StructureDefinition/structuredefinition-display-hint": [
      "StructureDefinition.snapshot.element"
    ],
    "http://hl7.org/fhir/StructureDefinition/structuredefinition-fhir-type": [
      "StructureDefinition.snapshot.element.type"
    ],
    "http://hl7.org/fhir/StructureDefinition/structuredefinition-hierarchy": [
      "StructureDefinition.snapshot.element.type"
    ],
    "http://hl7.org/fhir/StructureDefinition/structuredefinition-normative-version": [
      "StructureDefinition.snapshot.element"
    ],
    "http://hl7.org/fhir/StructureDefinition/structuredefinition-standards-status": [
      "StructureDefinition.snapshot.element"
    ],
    "http://hl7.org/fhir/tools/StructureDefinition/ig-internal-dependency": [
      "ImplementationGuide.definition"
    ],
    "http://hl7.org/fhir/tools/StructureDefinition/ig-page-name": [
      "ImplementationGuide.definition.page",
      "ImplementationGuide.definition.page.page"
    ],
    "http://hl7.org/fhir/tools/StructureDefinition/ig-parameter": [
      "ImplementationGuide.definition"
    ],
    "http://hl7.org/fhir/tools/StructureDefinition/implementationguide-dependency-comment": [
      "ImplementationGuide.dependsOn"
    ],
    "http://hl7.org/fhir/tools/StructureDefinition/resource-information": [
      "ImplementationGuide.definition.resource"
    ],
    "https://build.fhir.org/ig/arkhn/arkhn-ig-osiris/StructureDefinition/BasedOnCondition": [
      "Specimen"
    ],
    "https://build.fhir.org/ig/arkhn/arkhn-ig-osiris/StructureDefinition/BiologicalSampleOrigin": [
      "Specimen"
    ],
    "https://build.fhir.org/ig/arkhn/arkhn-ig-osiris/StructureDefinition/adverse-event-end-date": [
      "AdverseEvent"
    ],
    "https://build.fhir.org/ig/arkhn/arkhn-ig-osiris/StructureDefinition/algorithmName": [
      "Procedure"
    ],
    "https://build.fhir.org/ig/arkhn/arkhn-ig-osiris/StructureDefinition/basedOn": [
      "Procedure"
    ],
    "https://build.fhir.org/ig/arkhn/arkhn-ig-osiris/StructureDefinition/doseToVolume": [
      "Procedure"
    ],
    "https://build.fhir.org/ig/arkhn/arkhn-ig-osiris/StructureDefinition/dueTo-tumor-pathology-event": [
      "Condition"
    ],
    "https://build.fhir.org/ig/arkhn/arkhn-ig-osiris/StructureDefinition/energyOrIsotope": [
      "Procedure"
    ],
    "https://build.fhir.org/ig/arkhn/arkhn-ig-osiris/StructureDefinition/ethnicity": [
      "Patient"
    ],
    "https://build.fhir.org/ig/arkhn/arkhn-ig-osiris/StructureDefinition/gene-expression-data-type": [
      "Observation"
    ],
    "https://build.fhir.org/ig/arkhn/arkhn-ig-osiris/StructureDefinition/genomeentityType": [
      "MolecularSequence"
    ],
    "https://build.fhir.org/ig/arkhn/arkhn-ig-osiris/StructureDefinition/histologygrade": [
      "Condition"
    ],
    "https://build.fhir.org/ig/arkhn/arkhn-ig-osiris/StructureDefinition/imaging-settings": [
      "ImagingStudy.series"
    ],
    "https://build.fhir.org/ig/arkhn/arkhn-ig-osiris/StructureDefinition/laterality": [
      "Condition"
    ],
    "https://build.fhir.org/ig/arkhn/arkhn-ig-osiris/StructureDefinition/modalityAndTechnique": [
      "Procedure"
    ],
    "https://build.fhir.org/ig/arkhn/arkhn-ig-osiris/StructureDefinition/numberOfFractions": [
      "Procedure"
    ],
    "https://build.fhir.org/ig/arkhn/arkhn-ig-osiris/StructureDefinition/numberOfSessions": [
      "Procedure"
    ],
    "https://build.fhir.org/ig/arkhn/arkhn-ig-osiris/StructureDefinition/origin-center": [
      "Patient"
    ],
    "https://build.fhir.org/ig/arkhn/arkhn-ig-osiris/StructureDefinition/radiomics-criteria-settings": [
      "Observation"
    ],
    "https://build.fhir.org/ig/arkhn/arkhn-ig-osiris/StructureDefinition/radiomics-image-filters-settings": [
      "Observation"
    ],
    "https://build.fhir.org/ig/arkhn/arkhn-ig-osiris/StructureDefinition/reasonReplanification": [
      "Procedure"
    ],
    "https://build.fhir.org/ig/arkhn/arkhn-ig-osiris/StructureDefinition/series-weightheigt": [
      "ImagingStudy.series"
    ],
    "https://build.fhir.org/ig/arkhn/arkhn-ig-osiris/StructureDefinition/spanning-pairs": [
      "Observation"
    ],
    "https://build.fhir.org/ig/arkhn/arkhn-ig-osiris/StructureDefinition/split-reads": [
      "Observation"
    ],
    "https://build.fhir.org/ig/arkhn/arkhn-ig-osiris/StructureDefinition/strand-bias": [
      "Observation"
    ],
    "https://build.fhir.org/ig/arkhn/arkhn-ig-osiris/StructureDefinition/treatment-line": [
      "CarePlan"
    ],
    "https://build.fhir.org/ig/arkhn/arkhn-ig-osiris/StructureDefinition/treatmentIntent": [
      "Procedure"
    ],
    "https://build.fhir.org/ig/arkhn/arkhn-ig-osiris/StructureDefinition/treatmentTerminationReason": [
      "Procedure"
    ]
  }
}