{
  "codeSystems" : [
    {
      "url" : "http://hl7.org/fhir/uv/genomics-reporting/ValueSet/hgnc",
      "version" : "1.0.0",
      "status" : "active",
      "name" : "HGNC",
      "title" : "HGNC",
      "description" : "This value set includes all HGNC Codes, which includes multiple code systems. In this guide, Gene IDs from HGNC are used as CodeableConcepts, which must be sent with the HGNC gene ID including the prefix 'HGNC:' as the `code` and the HGNC 'gene symbol' as `display`. CAUTION: HGNC also indexes gene groups by numeric ID (without a prefix), and older systems may send HGNC gene IDs without the prefix, so care must be taken to confirm alignment. We have separately included the genegroup code system to draw attention to this ambiguity and potential error.",
      "systems" : [
        "http://www.genenames.org/genegroup",
        "http://www.genenames.org/geneId"
      ],
      "uses" : {
      },
      "StructureDefinition-fusion.html" : "Gene Fusion",
      "StructureDefinition-expression.html" : "Gene Expression"
    },
    {
      "url" : "http://terminology.hl7.org/ValueSet/v3-Race",
      "version" : "2.0.0",
      "status" : "active",
      "name" : "Race",
      "title" : "Race",
      "description" : "In the United States, federal standards for classifying data on race determine the categories used by federal agencies and exert a strong influence on categorization by state and local agencies and private sector organizations. The federal standards do not conceptually define race, and they recognize the absence of an anthropological or scientific basis for racial classification. Instead, the federal standards acknowledge that race is a social-political construct in which an individual's own identification with one more race categories is preferred to observer identification. The standards use a variety of features to define five minimum race categories. Among these features are descent from \"the original peoples\" of a specified region or nation. The minimum race categories are American Indian or Alaska Native, Asian, Black or African American, Native Hawaiian or Other Pacific Islander, and White. The federal standards stipulate that race data need not be limited to the five minimum categories, but any expansion must be collapsible to those categories.",
      "systems" : ["http://terminology.hl7.org/CodeSystem/v3-Race"],
      "oids" : ["2.16.840.1.113883.1.11.14914"],
      "sources" : ["2.16.840.1.113883.1.11.14914"],
      "uses" : {
      },
      "StructureDefinition-ethnicity.html" : "Patient Ethnicity"
    },
    {
      "url" : "https://build.fhir.org/ig/arkhn/arkhn-ig-osiris/ValueSet/AdverseEventCode",
      "version" : "2.1.0",
      "status" : "draft",
      "name" : "AdverseEventCode",
      "title" : "Adverse Event Code Value Set",
      "description" : "Adverse event codes",
      "systems" : ["http://terminology.hl7.org/CodeSystem/mdr"],
      "uses" : {
      },
      "StructureDefinition-onco-adverse-event.html" : "Oncologic Adverse Event"
    },
    {
      "url" : "https://build.fhir.org/ig/arkhn/arkhn-ig-osiris/ValueSet/AdverseEventGrade",
      "version" : "2.1.0",
      "status" : "draft",
      "name" : "AdverseEventGrade",
      "title" : "Adverse Event Grade Value Set",
      "description" : "Adverse event grade",
      "systems" : [
        "http://terminology.hl7.org/CodeSystem/umls",
        "https://ctep.cancer.gov/protocoldevelopment/electronic_applications/docs/CTCAE_v5_Quick_Reference_8.5x11.pdf"
      ],
      "uses" : {
      },
      "StructureDefinition-onco-adverse-event.html" : "Oncologic Adverse Event"
    },
    {
      "url" : "https://build.fhir.org/ig/arkhn/arkhn-ig-osiris/ValueSet/AlgorithmicPloidy",
      "version" : "2.1.0",
      "status" : "draft",
      "name" : "AlgorithmicPloidy",
      "title" : "Algorithmic Ploidy",
      "description" : "Algorithmic Ploidy",
      "systems" : [
        "https://github.com/siric-osiris/OSIRIS",
        "http://terminology.hl7.org/CodeSystem/umls"
      ],
      "uses" : {
      },
      "StructureDefinition-sequencing-analysis.html" : "Sequencing Analysis"
    },
    {
      "url" : "https://build.fhir.org/ig/arkhn/arkhn-ig-osiris/ValueSet/AlterationType",
      "version" : "2.1.0",
      "status" : "draft",
      "name" : "AlterationType",
      "title" : "Alteration Type Value Set",
      "description" : "Alteration type",
      "systems" : [
        "https://github.com/siric-osiris/OSIRIS",
        "http://terminology.hl7.org/CodeSystem/umls"
      ],
      "uses" : {
      },
      "StructureDefinition-variant-annotation.html" : "Variant Annotation"
    },
    {
      "url" : "https://build.fhir.org/ig/arkhn/arkhn-ig-osiris/ValueSet/AminoAcideChangeType",
      "version" : "2.1.0",
      "status" : "draft",
      "name" : "AminoAcideChangeType",
      "title" : "Amino Acide Change Type Value Set",
      "description" : "Amino Acide Change Type",
      "systems" : ["https://github.com/siric-osiris/OSIRIS", "http://loinc.org"]
    },
    {
      "url" : "https://build.fhir.org/ig/arkhn/arkhn-ig-osiris/ValueSet/AnalysisType",
      "version" : "2.1.0",
      "status" : "draft",
      "name" : "AnalysisType",
      "title" : "Analysis Types Value Set",
      "description" : "Analysis types",
      "systems" : [
        "https://github.com/siric-osiris/OSIRIS",
        "http://terminology.hl7.org/CodeSystem/umls"
      ],
      "uses" : {
      },
      "StructureDefinition-analysis.html" : "Analysis"
    },
    {
      "url" : "https://build.fhir.org/ig/arkhn/arkhn-ig-osiris/ValueSet/BiologicalSampleNature",
      "version" : "2.1.0",
      "status" : "draft",
      "name" : "BiologicalSampleNature",
      "title" : "Biological Sample Nature Value Set",
      "description" : "Biological sample nature",
      "systems" : ["http://terminology.hl7.org/CodeSystem/umls"],
      "uses" : {
      },
      "StructureDefinition-onco-biological-sample.html" : "Biological Sample"
    },
    {
      "url" : "https://build.fhir.org/ig/arkhn/arkhn-ig-osiris/ValueSet/BiologicalSampleOrigin",
      "version" : "2.1.0",
      "status" : "draft",
      "name" : "BiologicalSampleOrigin",
      "title" : "Biological Sample Origin Value Set",
      "description" : "Biological sample origin",
      "systems" : [
        "https://github.com/siric-osiris/OSIRIS",
        "http://terminology.hl7.org/CodeSystem/umls"
      ],
      "uses" : {
      },
      "StructureDefinition-BiologicalSampleOrigin.html" : "Biological Sample Origin"
    },
    {
      "url" : "https://build.fhir.org/ig/arkhn/arkhn-ig-osiris/ValueSet/BiomarkerCode",
      "version" : "2.1.0",
      "status" : "draft",
      "name" : "BiomarkerCode",
      "title" : "Biomarker Value Set",
      "description" : "Biomarker types",
      "systems" : ["https://github.com/siric-osiris/OSIRIS"],
      "uses" : {
      },
      "StructureDefinition-biomarker.html" : "Biomarker"
    },
    {
      "url" : "https://build.fhir.org/ig/arkhn/arkhn-ig-osiris/ValueSet/CauseOfDeath",
      "version" : "2.1.0",
      "status" : "draft",
      "name" : "CauseOfDeath",
      "title" : "Cause of death Value Set",
      "description" : "Cause of death",
      "systems" : ["http://terminology.hl7.org/CodeSystem/umls"],
      "uses" : {
      },
      "StructureDefinition-cause-of-death.html" : "Cause Of Death"
    },
    {
      "url" : "https://build.fhir.org/ig/arkhn/arkhn-ig-osiris/ValueSet/Chromosome",
      "version" : "2.1.0",
      "status" : "draft",
      "name" : "Chromosome",
      "title" : "Chromosome Value Set",
      "description" : "Chromosome",
      "systems" : [
        "https://github.com/siric-osiris/OSIRIS",
        "http://terminology.hl7.org/CodeSystem/umls",
        "http://loinc.org"
      ],
      "uses" : {
      },
      "StructureDefinition-snp.html" : "Single Nucleotide Polymorphism"
    },
    {
      "url" : "https://build.fhir.org/ig/arkhn/arkhn-ig-osiris/ValueSet/CytoBand",
      "version" : "2.1.0",
      "status" : "draft",
      "name" : "CytoBand",
      "title" : "CytoBand Value Set",
      "description" : "CytoBand",
      "systems" : [
        "http://terminology.hl7.org/CodeSystem/umls",
        "http://genome.ucsc.edu/"
      ],
      "uses" : {
      },
      "StructureDefinition-snp.html" : "Single Nucleotide Polymorphism"
    },
    {
      "url" : "https://build.fhir.org/ig/arkhn/arkhn-ig-osiris/ValueSet/DNAChangeType",
      "version" : "2.1.0",
      "status" : "draft",
      "name" : "DNAChangeType",
      "title" : "DNA Change Type Value Set",
      "description" : "DNAChangeType",
      "systems" : ["https://github.com/siric-osiris/OSIRIS", "http://loinc.org"],
      "uses" : {
      },
      "StructureDefinition-snp.html" : "Single Nucleotide Polymorphism"
    },
    {
      "url" : "https://build.fhir.org/ig/arkhn/arkhn-ig-osiris/ValueSet/FusionType",
      "version" : "2.1.0",
      "status" : "draft",
      "name" : "FusionType",
      "title" : "Fusion Type Value Set",
      "description" : "Fusion Type",
      "systems" : ["https://github.com/siric-osiris/OSIRIS", "http://loinc.org"],
      "uses" : {
      },
      "StructureDefinition-fusion.html" : "Gene Fusion"
    },
    {
      "url" : "https://build.fhir.org/ig/arkhn/arkhn-ig-osiris/ValueSet/GeneExpressionDataType",
      "version" : "2.1.0",
      "status" : "draft",
      "name" : "GeneExpressionDataType",
      "title" : "Gene Expression Data Type Value Set",
      "description" : "Gene Expression Data Type",
      "systems" : ["https://github.com/siric-osiris/OSIRIS"],
      "uses" : {
      },
      "StructureDefinition-gene-expression-data-type.html" : "Gene Expression Data Type"
    },
    {
      "url" : "https://build.fhir.org/ig/arkhn/arkhn-ig-osiris/ValueSet/GeneticMaterial",
      "version" : "2.1.0",
      "status" : "draft",
      "name" : "GeneticMaterial",
      "title" : "GeneticMaterial",
      "description" : "Genetic material",
      "systems" : [
        "https://github.com/siric-osiris/OSIRIS",
        "http://terminology.hl7.org/CodeSystem/umls"
      ],
      "uses" : {
      },
      "StructureDefinition-molecular-sequence-3-prime.html" : "3 Prime Molecular Sequence",
      "StructureDefinition-molecular-sequence-5-prime.html" : "5 Prime Molecular Sequence"
    },
    {
      "url" : "https://build.fhir.org/ig/arkhn/arkhn-ig-osiris/ValueSet/GenomeBuild",
      "version" : "2.1.0",
      "status" : "draft",
      "name" : "GenomeBuild",
      "title" : "GenomeBuild Value Set",
      "description" : "GenomeBuild",
      "systems" : ["https://github.com/siric-osiris/OSIRIS"],
      "uses" : {
      },
      "StructureDefinition-snp.html" : "Single Nucleotide Polymorphism"
    },
    {
      "url" : "https://build.fhir.org/ig/arkhn/arkhn-ig-osiris/ValueSet/GenomeEntityType",
      "version" : "2.1.0",
      "status" : "draft",
      "name" : "GenomeEntityType",
      "title" : "Genome entity type Value Set",
      "description" : "Type of genome entity",
      "systems" : ["http://terminology.hl7.org/CodeSystem/umls"],
      "uses" : {
      },
      "StructureDefinition-molecular-sequence-3-prime.html" : "3 Prime Molecular Sequence",
      "StructureDefinition-molecular-sequence-5-prime.html" : "5 Prime Molecular Sequence",
      "StructureDefinition-genomeentityType.html" : "GenomeEntityType"
    },
    {
      "url" : "https://build.fhir.org/ig/arkhn/arkhn-ig-osiris/ValueSet/Laterality",
      "version" : "2.1.0",
      "status" : "draft",
      "name" : "Laterality",
      "title" : "Tumor Laterality Value Set",
      "description" : "Tumor laterality",
      "systems" : ["http://terminology.hl7.org/CodeSystem/umls"],
      "uses" : {
      },
      "StructureDefinition-laterality.html" : "Laterality"
    },
    {
      "url" : "https://build.fhir.org/ig/arkhn/arkhn-ig-osiris/ValueSet/Morphology",
      "version" : "2.1.0",
      "status" : "draft",
      "name" : "Morphology",
      "title" : "Morphology Value Set",
      "description" : "Cancer morphology",
      "systems" : ["http://terminology.hl7.org/CodeSystem/icd-o-3"],
      "uses" : {
      },
      "StructureDefinition-tumor-pathology-event.html" : "Tumor Pathology Event"
    },
    {
      "url" : "https://build.fhir.org/ig/arkhn/arkhn-ig-osiris/ValueSet/MutationPrediction",
      "version" : "2.1.0",
      "status" : "draft",
      "name" : "MutationPrediction",
      "title" : "Mutation prediction Value Set",
      "description" : "Mutation prediction",
      "systems" : ["https://github.com/siric-osiris/OSIRIS"],
      "uses" : {
      },
      "StructureDefinition-variant-annotation.html" : "Variant Annotation"
    },
    {
      "url" : "https://build.fhir.org/ig/arkhn/arkhn-ig-osiris/ValueSet/OsirisValidationType",
      "version" : "2.1.0",
      "status" : "draft",
      "name" : "OsirisValidationType",
      "title" : "Osiris Validation Type",
      "description" : "Osiris validation type",
      "systems" : ["https://github.com/siric-osiris/OSIRIS"],
      "uses" : {
      },
      "StructureDefinition-data-validation.html" : "Validation"
    },
    {
      "url" : "https://build.fhir.org/ig/arkhn/arkhn-ig-osiris/ValueSet/PanelName",
      "version" : "2.1.0",
      "status" : "draft",
      "name" : "PanelName",
      "title" : "Panel Name",
      "description" : "Panel Name",
      "systems" : [
        "https://github.com/siric-osiris/OSIRIS",
        "http://terminology.hl7.org/CodeSystem/umls"
      ],
      "uses" : {
      },
      "StructureDefinition-sequencing-device.html" : "Sequencing Device"
    },
    {
      "url" : "https://build.fhir.org/ig/arkhn/arkhn-ig-osiris/ValueSet/Parentage",
      "version" : "2.1.0",
      "status" : "draft",
      "name" : "Parentage",
      "title" : "Parentage Value Set",
      "description" : "Parentage",
      "systems" : [
        "https://github.com/siric-osiris/OSIRIS",
        "http://terminology.hl7.org/CodeSystem/umls"
      ],
      "uses" : {
      },
      "StructureDefinition-family-cancer-history.html" : "Family Cancer History"
    },
    {
      "url" : "https://build.fhir.org/ig/arkhn/arkhn-ig-osiris/ValueSet/Pathogenicity",
      "version" : "2.1.0",
      "status" : "draft",
      "name" : "Pathogenicity",
      "title" : "Pathogenicity Value Set",
      "description" : "Pathogenicity",
      "systems" : [
        "https://github.com/siric-osiris/OSIRIS",
        "http://terminology.hl7.org/CodeSystem/umls"
      ],
      "uses" : {
      },
      "StructureDefinition-copy-number.html" : "Variant Copy Number",
      "StructureDefinition-fusion.html" : "Gene Fusion",
      "StructureDefinition-snp.html" : "Single Nucleotide Polymorphism",
      "StructureDefinition-expression.html" : "Gene Expression"
    },
    {
      "url" : "https://build.fhir.org/ig/arkhn/arkhn-ig-osiris/ValueSet/PlatformName",
      "version" : "2.1.0",
      "status" : "draft",
      "name" : "PlatformName",
      "title" : "Platform Name",
      "description" : "Platform Name",
      "systems" : [
        "https://github.com/siric-osiris/OSIRIS",
        "http://terminology.hl7.org/CodeSystem/umls"
      ],
      "uses" : {
      },
      "StructureDefinition-sequencing-device.html" : "Sequencing Device"
    },
    {
      "url" : "https://build.fhir.org/ig/arkhn/arkhn-ig-osiris/ValueSet/ROIType",
      "version" : "2.1.0",
      "status" : "draft",
      "name" : "ROIType",
      "title" : "ROI Type Value Set",
      "description" : "ROI Type",
      "systems" : ["https://terminology.arkhn.com/radiomicsCS"],
      "uses" : {
      },
      "StructureDefinition-roi-segmentation.html" : "ROI segmentation"
    },
    {
      "url" : "https://build.fhir.org/ig/arkhn/arkhn-ig-osiris/ValueSet/RadiomicsFeaturesVS",
      "version" : "2.1.0",
      "status" : "draft",
      "name" : "RadiomicsFeaturesVS",
      "title" : "Radiomic Features Value Set",
      "description" : "Radiomic Features",
      "systems" : [
        "https://ibsi.readthedocs.io/en/latest/",
        "http://terminology.hl7.org/CodeSystem/umls"
      ],
      "uses" : {
      },
      "StructureDefinition-radiomics-features.html" : "Radiomics Features"
    },
    {
      "url" : "https://build.fhir.org/ig/arkhn/arkhn-ig-osiris/ValueSet/ReferenceType",
      "version" : "2.1.0",
      "status" : "draft",
      "name" : "ReferenceType",
      "title" : "Reference Type Value Set",
      "description" : "Annotation reference type",
      "systems" : [
        "https://github.com/siric-osiris/OSIRIS",
        "http://terminology.hl7.org/CodeSystem/umls"
      ],
      "uses" : {
      },
      "StructureDefinition-annotation-reference.html" : "Annotation Reference"
    },
    {
      "url" : "https://build.fhir.org/ig/arkhn/arkhn-ig-osiris/ValueSet/ResponseEvaluationStatus",
      "version" : "2.1.0",
      "status" : "draft",
      "name" : "ResponseEvaluationStatus",
      "title" : "Response Status Value Set",
      "description" : "Response evaluation status",
      "systems" : [
        "http://terminology.hl7.org/CodeSystem/umls",
        "https://recist.eortc.org"
      ],
      "uses" : {
      },
      "StructureDefinition-response-evaluation.html" : "Response Evaluation"
    },
    {
      "url" : "https://build.fhir.org/ig/arkhn/arkhn-ig-osiris/ValueSet/StorageTemperature",
      "version" : "2.1.0",
      "status" : "draft",
      "name" : "StorageTemperature",
      "title" : "Storage temperature Value Set",
      "description" : "Sample storage temperature",
      "systems" : [
        "https://github.com/siric-osiris/OSIRIS",
        "http://terminology.hl7.org/CodeSystem/umls"
      ],
      "uses" : {
      },
      "StructureDefinition-onco-biological-sample.html" : "Biological Sample"
    },
    {
      "url" : "https://build.fhir.org/ig/arkhn/arkhn-ig-osiris/ValueSet/SurgeryResectionQuality",
      "version" : "2.1.0",
      "status" : "draft",
      "name" : "SurgeryResectionQuality",
      "title" : "Surgery Resection Quality Value Set",
      "description" : "Surgery resection quality",
      "systems" : [
        "http://terminology.hl7.org/CodeSystem/umls",
        "https://recist.eortc.org"
      ],
      "uses" : {
      },
      "StructureDefinition-onco-surgery.html" : "Oncology Surgery"
    },
    {
      "url" : "https://build.fhir.org/ig/arkhn/arkhn-ig-osiris/ValueSet/TNMVersion",
      "version" : "2.1.0",
      "status" : "draft",
      "name" : "TNMVersion",
      "title" : "TNM Version Value Set",
      "description" : "TNM version",
      "systems" : ["https://github.com/siric-osiris/OSIRIS"]
    },
    {
      "url" : "https://build.fhir.org/ig/arkhn/arkhn-ig-osiris/ValueSet/TechnicalProtocol",
      "version" : "2.1.0",
      "status" : "draft",
      "name" : "TechnicalProtocol",
      "title" : "Analysis Technical Protocol",
      "description" : "Analysis technical protocol",
      "systems" : ["https://github.com/siric-osiris/OSIRIS"],
      "uses" : {
      },
      "StructureDefinition-sequencing-analysis.html" : "Sequencing Analysis"
    },
    {
      "url" : "https://build.fhir.org/ig/arkhn/arkhn-ig-osiris/ValueSet/Topography",
      "version" : "2.1.0",
      "status" : "draft",
      "name" : "Topography",
      "title" : "Topography Value Set",
      "description" : "Cancer topography",
      "systems" : ["http://terminology.hl7.org/CodeSystem/icd-o-3"],
      "uses" : {
      },
      "StructureDefinition-onco-biological-sample.html" : "Biological Sample",
      "StructureDefinition-tumor-pathology-event.html" : "Tumor Pathology Event",
      "StructureDefinition-family-cancer-history.html" : "Family Cancer History"
    },
    {
      "url" : "https://build.fhir.org/ig/arkhn/arkhn-ig-osiris/ValueSet/TreatmentType",
      "version" : "2.1.0",
      "status" : "draft",
      "name" : "TreatmentType",
      "title" : "Treatment Type Value Set",
      "description" : "Treatment type",
      "systems" : ["http://terminology.hl7.org/CodeSystem/umls"],
      "uses" : {
      },
      "StructureDefinition-treatment.html" : "Treatment"
    },
    {
      "url" : "https://build.fhir.org/ig/arkhn/arkhn-ig-osiris/ValueSet/TumorPathologyEventType",
      "version" : "2.1.0",
      "status" : "draft",
      "name" : "TumorPathologyEventType",
      "title" : "Tumor Pathology Event Type Value Set",
      "description" : "Tumor pathology event type",
      "systems" : ["http://terminology.hl7.org/CodeSystem/umls"],
      "uses" : {
      },
      "StructureDefinition-tumor-pathology-event.html" : "Tumor Pathology Event"
    },
    {
      "url" : "https://build.fhir.org/ig/arkhn/arkhn-ig-osiris/ValueSet/VSBodySite",
      "version" : "2.1.0",
      "status" : "draft",
      "name" : "VSBodySite",
      "title" : " Bodysite Value Set",
      "description" : "Bodysite",
      "systems" : ["http://snomed.info/sct"],
      "uses" : {
      },
      "StructureDefinition-onco-imagingstudy.html" : "Imaging Study"
    },
    {
      "url" : "https://build.fhir.org/ig/arkhn/arkhn-ig-osiris/ValueSet/VSLocalizationMethod",
      "version" : "2.1.0",
      "status" : "draft",
      "name" : "VSLocalizationMethod",
      "title" : "Localization Method Value Set",
      "description" : "Localization Method"
    },
    {
      "url" : "https://build.fhir.org/ig/arkhn/arkhn-ig-osiris/ValueSet/VSModality",
      "version" : "2.1.0",
      "status" : "draft",
      "name" : "VSModality",
      "title" : " Modality Value Set",
      "description" : "Modality",
      "systems" : [
        "http://terminology.hl7.org/CodeSystem/umls",
        "https://terminology.arkhn.com/SeriesModalityCS",
        "https://dicom.nema.org/medical/dicom"
      ],
      "uses" : {
      },
      "StructureDefinition-onco-imagingstudy.html" : "Imaging Study"
    },
    {
      "url" : "https://build.fhir.org/ig/arkhn/arkhn-ig-osiris/ValueSet/VitalStatus",
      "version" : "2.1.0",
      "status" : "draft",
      "name" : "VitalStatus",
      "title" : "Vital Status Value Set",
      "description" : "Vital status",
      "systems" : ["http://terminology.hl7.org/CodeSystem/umls"],
      "uses" : {
      },
      "StructureDefinition-vital-status.html" : "Vital Status"
    },
    {
      "url" : "https://build.fhir.org/ig/arkhn/arkhn-ig-osiris/ValueSet/codexrt-radiotherapy-reason-for-revision-or-adaptation-vs",
      "version" : "2.1.0",
      "status" : "draft",
      "name" : "RadiotherapyReasonReplanificationVS",
      "title" : "Radiotherapy Reason Replanification",
      "description" : "Radiotherapy Reason Replanification",
      "systems" : [
        "http://hl7.org/fhir/us/codex-radiation-therapy/CodeSystem/snomed-requested-cs",
        "http://snomed.info/sct"
      ],
      "uses" : {
      },
      "StructureDefinition-reasonReplanification.html" : "Reason Replanification"
    },
    {
      "url" : "https://build.fhir.org/ig/arkhn/arkhn-ig-osiris/ValueSet/mcode-radiotherapy-treatment-location-qualifier-vs",
      "version" : "2.1.0",
      "status" : "draft",
      "name" : "RadiotherapyTreatmentLocationQualifierVS",
      "title" : "Radiotherapy Treatment Location Qualifier Value Set",
      "description" : "Various modifiers that can be applied to body locations where radiotherapy treatments can be directed.",
      "systems" : ["http://snomed.info/sct"]
    },
    {
      "url" : "https://build.fhir.org/ig/arkhn/arkhn-ig-osiris/ValueSet/mcode-radiotherapy-volume-type-vs",
      "version" : "2.1.0",
      "status" : "draft",
      "name" : "RadiotherapyVolumeTypeVS",
      "title" : "Radiotherapy Volume Type Value Set",
      "description" : "Codes describing the types of body volumes used in radiotherapy planning and treatment. The value set includes the most common codes from DICOM CID 9534 Radiotherapy Targets (UID 1.2.840.10008.6.1.1244) and adds a code for Organs at Risk (OAR).",
      "systems" : ["http://snomed.info/sct"]
    },
    {
      "url" : "https://build.fhir.org/ig/arkhn/arkhn-ig-osiris/ValueSet/vs-radiotherapy-category",
      "version" : "2.1.0",
      "status" : "draft",
      "name" : "VSRadiotherapyCategory",
      "title" : "Radiotherapy Category",
      "description" : "Radiotherapy Category",
      "systems" : [
        "https://build.fhir.org/ig/arkhn/arkhn-ig-osiris/CodeSystem/RadiotherapyCS"
      ],
      "uses" : {
      },
      "StructureDefinition-radiotherapy-plan.html" : "Radiotherapy Plan",
      "StructureDefinition-radiotherapy-phase.html" : "Radiotherapy Phase",
      "StructureDefinition-radiotherapy-course-summary.html" : "Radiotherapy course Summary"
    },
    {
      "url" : "https://build.fhir.org/ig/arkhn/arkhn-ig-osiris/ValueSet/vs-radiotherapy-intent",
      "version" : "2.1.0",
      "status" : "draft",
      "name" : "VSRadiotherapyIntent",
      "title" : "Radiotherapy Intent",
      "description" : "RadioTherapy Intent ",
      "systems" : ["http://snomed.info/sct"],
      "uses" : {
      },
      "StructureDefinition-treatmentIntent.html" : "Treatment Intent"
    },
    {
      "url" : "https://build.fhir.org/ig/arkhn/arkhn-ig-osiris/ValueSet/vs-radiotherapy-termination-reason",
      "version" : "2.1.0",
      "status" : "draft",
      "name" : "VSRadiotherapyTerminationReason",
      "title" : "Radiotherapy Termination Reason",
      "description" : "Radiotherapy Termination Reason",
      "systems" : ["http://snomed.info/sct"],
      "uses" : {
      },
      "StructureDefinition-treatmentTerminationReason.html" : "Treatment Termination Reason"
    }
  ]
}
